{"toolName":"SCC","toolImageType":"","projName":"SimpleLightDemo","projectId":"SimpleLightDemo","scanPath":"/Users/xxhape/Desktop/code/re/TcrSdk-featDemo/cloud_gaming_android/TcrSdkDemo/SimpleLightDemo","language":0,"whitePathList":[],"toolOptions":[],"buildScript":"","scanType":"full","skipPaths":["/Users/xxhape/Desktop/code/re/TcrSdk-featDemo/cloud_gaming_android/TcrSdkDemo/SimpleLightDemo/.codecc","/Users/xxhape/Desktop/code/re/TcrSdk-featDemo/cloud_gaming_android/TcrSdkDemo/SimpleLightDemo/.gradle","/Users/xxhape/Desktop/code/re/TcrSdk-featDemo/cloud_gaming_android/TcrSdkDemo/SimpleLightDemo/.idea"],"incrementalFiles":[],"openCheckers":null,"repos":[],"params":"","dockerTriggerShell":"/bin/bash##-c##\"cd /usr/codecc/tool_scan && /usr/codecc/tool_scan/tool/scan --input={input.json} --output={output.json}\"","dockerImageUrl":"mirrors.tencent.com/codecc/codecc-auto-tools-prod-scc-codecc-plugin","dockerImageVersion":"v-1648557483667","dockerImageHash":"sha256:ebd74983fff58f83fc95a33a878b9bdd602bac3fd02a346883a66f9748c6dc0a","dockerContainerId":"ad24a3c58f363f68b44c4559957e5535fadb3384bd8b7c7f87355a283dd55531","commentTurnOn":"false"}