{"toolName":"SENSITIVE","toolImageType":"","projName":"SimpleLightDemo","projectId":"SimpleLightDemo","scanPath":"/Users/xxhape/Desktop/code/re/TcrSdk-featDemo/cloud_gaming_android/TcrSdkDemo/SimpleLightDemo","language":0,"whitePathList":[],"toolOptions":[],"buildScript":"","scanType":"full","skipPaths":[],"incrementalFiles":[],"openCheckers":[],"repos":[{"url":"git@git.woa.com:cloud_video_product_private/cloud_gaming_android.git","scmType":"git"}],"params":"","dockerTriggerShell":"/bin/bash##-c##\"cd /usr/codecc/tool_scan; python3 ./sdk/src/scan.py --input={input.json} --output={output.json}\"","dockerImageUrl":"mirrors.tencent.com/codecc/codecc-auto-tools-prod-sensitive-codecc-plugin","dockerImageVersion":"v-1655778240570","dockerImageHash":"sha256:25d658a041de696eaf02a2f2b68a67c3d817021ad90c14b157abee208c1a9845","dockerContainerId":"1219deb6ca47d098ed1d9f6ae85d1efb47b2939e7702c004bfaf9743dfe1219d","commentTurnOn":""}