{"toolName":"CCN","toolImageType":"","projName":"VKtoolDemo","projectId":"VKtoolDemo","scanPath":"/Users/xxhape/Desktop/work/code/cloud_gaming_android/TcrSdkDemo/VKtoolDemo","language":0,"whitePathList":[],"toolOptions":[],"buildScript":"","scanType":"full","skipPaths":[],"incrementalFiles":[],"openCheckers":[],"repos":[{"url":"git@git.woa.com:cloud_video_product_private/cloud_gaming_android.git","scmType":"git"}],"params":"","dockerTriggerShell":"/bin/bash##-c##\"cd /usr/codecc/tool_scan; python3 ./sdk/src/scan.py --input={input.json} --output={output.json}\"","dockerImageUrl":"mirrors.tencent.com/codecc/codecc-auto-tools-prod-ccn-codecc-plugin","dockerImageVersion":"v-1644477331098","dockerImageHash":"sha256:39e13d3786e401bedc47ffd3d06fbe4eeabc46594406bda33d07e07c01807055","dockerContainerId":"507877fcc07f996b123c2dc354151308c18bea35b1ff773076e614bd783bdcab","commentTurnOn":""}