{"toolName":"SCC","toolImageType":"","projName":"VKtoolDemo","projectId":"VKtoolDemo","scanPath":"/Users/xxhape/Desktop/work/code/cloud_gaming_android/TcrSdkDemo/VKtoolDemo","language":0,"whitePathList":[],"toolOptions":[],"buildScript":"","scanType":"full","skipPaths":["/Users/xxhape/Desktop/work/code/cloud_gaming_android/TcrSdkDemo/VKtoolDemo/.gradle","/Users/xxhape/Desktop/work/code/cloud_gaming_android/TcrSdkDemo/VKtoolDemo/.idea","/Users/xxhape/Desktop/work/code/cloud_gaming_android/TcrSdkDemo/VKtoolDemo/.codecc"],"incrementalFiles":[],"openCheckers":null,"repos":[],"params":"","dockerTriggerShell":"/bin/bash##-c##\"cd /usr/codecc/tool_scan && /usr/codecc/tool_scan/tool/scan --input={input.json} --output={output.json}\"","dockerImageUrl":"mirrors.tencent.com/codecc/codecc-auto-tools-prod-scc-codecc-plugin","dockerImageVersion":"v-1648557483667","dockerImageHash":"sha256:ebd74983fff58f83fc95a33a878b9bdd602bac3fd02a346883a66f9748c6dc0a","dockerContainerId":"2d20aa9f2e4553f0a77b40f25bfd08a9b9b73ae10dd5d22b2883332eebf59725","commentTurnOn":"false"}