{"defects":[{"filePath":"/Users/xxhape/Desktop/work/code/cloud_gaming_android/TcrSdkDemo/VKtoolDemo/.gitignore","language":"gitignore","Filename":".gitignore","lines":10,"blank":0,"code":10,"comment":0,"efficientComment":0},{"filePath":"/Users/xxhape/Desktop/work/code/cloud_gaming_android/TcrSdkDemo/VKtoolDemo/build.gradle","language":"Gradle","Filename":"build.gradle","lines":9,"blank":1,"code":7,"comment":1,"efficientComment":0},{"filePath":"/Users/xxhape/Desktop/work/code/cloud_gaming_android/TcrSdkDemo/VKtoolDemo/build.yml","language":"YAML","Filename":"build.yml","lines":28,"blank":1,"code":22,"comment":5,"efficientComment":0},{"filePath":"/Users/xxhape/Desktop/work/code/cloud_gaming_android/TcrSdkDemo/VKtoolDemo/local.properties","language":"Properties File","Filename":"local.properties","lines":10,"blank":0,"code":1,"comment":9,"efficientComment":0},{"filePath":"/Users/xxhape/Desktop/work/code/cloud_gaming_android/TcrSdkDemo/VKtoolDemo/gradlew.bat","language":"Batch","Filename":"gradlew.bat","lines":89,"blank":21,"code":68,"comment":0,"efficientComment":0},{"filePath":"/Users/xxhape/Desktop/work/code/cloud_gaming_android/TcrSdkDemo/VKtoolDemo/settings.gradle","language":"Gradle","Filename":"settings.gradle","lines":24,"blank":0,"code":24,"comment":0,"efficientComment":0},{"filePath":"/Users/xxhape/Desktop/work/code/cloud_gaming_android/TcrSdkDemo/VKtoolDemo/gradlew","language":"Shell","Filename":"gradlew","lines":185,"blank":23,"code":125,"comment":37,"efficientComment":0},{"filePath":"/Users/xxhape/Desktop/work/code/cloud_gaming_android/TcrSdkDemo/VKtoolDemo/gradle.properties","language":"Properties File","Filename":"gradle.properties","lines":21,"blank":0,"code":3,"comment":18,"efficientComment":0},{"filePath":"/Users/xxhape/Desktop/work/code/cloud_gaming_android/TcrSdkDemo/VKtoolDemo/gradle/wrapper/gradle-wrapper.properties","language":"Properties File","Filename":"gradle-wrapper.properties","lines":6,"blank":0,"code":5,"comment":1,"efficientComment":0},{"filePath":"/Users/xxhape/Desktop/work/code/cloud_gaming_android/TcrSdkDemo/VKtoolDemo/app/.gitignore","language":"gitignore","Filename":".gitignore","lines":1,"blank":0,"code":1,"comment":0,"efficientComment":0},{"filePath":"/Users/xxhape/Desktop/work/code/cloud_gaming_android/TcrSdkDemo/VKtoolDemo/app/proguard-rules.pro","language":"Prolog","Filename":"proguard-rules.pro","lines":21,"blank":3,"code":18,"comment":0,"efficientComment":0},{"filePath":"/Users/xxhape/Desktop/work/code/cloud_gaming_android/TcrSdkDemo/VKtoolDemo/app/build.gradle","language":"Gradle","Filename":"build.gradle","lines":37,"blank":3,"code":34,"comment":0,"efficientComment":0},{"filePath":"/Users/xxhape/Desktop/work/code/cloud_gaming_android/TcrSdkDemo/VKtoolDemo/app/src/main/AndroidManifest.xml","language":"XML","Filename":"AndroidManifest.xml","lines":28,"blank":3,"code":25,"comment":0,"efficientComment":0},{"filePath":"/Users/xxhape/Desktop/work/code/cloud_gaming_android/TcrSdkDemo/VKtoolDemo/app/build/outputs/logs/manifest-merger-debug-report.txt","language":"Plain Text","Filename":"manifest-merger-debug-report.txt","lines":264,"blank":0,"code":264,"comment":0,"efficientComment":0},{"filePath":"/Users/xxhape/Desktop/work/code/cloud_gaming_android/TcrSdkDemo/VKtoolDemo/app/build/outputs/apk/debug/output-metadata.json","language":"JSON","Filename":"output-metadata.json","lines":20,"blank":0,"code":20,"comment":0,"efficientComment":0},{"filePath":"/Users/xxhape/Desktop/work/code/cloud_gaming_android/TcrSdkDemo/VKtoolDemo/app/src/main/java/com/tencent/vktooldemo/GameActivity.java","language":"Java","Filename":"GameActivity.java","lines":401,"blank":23,"code":237,"comment":141,"efficientComment":0},{"filePath":"/Users/xxhape/Desktop/work/code/cloud_gaming_android/TcrSdkDemo/VKtoolDemo/app/src/main/java/com/tencent/vktooldemo/App.java","language":"Java","Filename":"App.java","lines":36,"blank":7,"code":24,"comment":5,"efficientComment":0},{"filePath":"/Users/xxhape/Desktop/work/code/cloud_gaming_android/TcrSdkDemo/VKtoolDemo/app/src/main/res/xml/backup_rules.xml","language":"XML","Filename":"backup_rules.xml","lines":13,"blank":0,"code":3,"comment":10,"efficientComment":0},{"filePath":"/Users/xxhape/Desktop/work/code/cloud_gaming_android/TcrSdkDemo/VKtoolDemo/app/src/main/res/xml/data_extraction_rules.xml","language":"XML","Filename":"data_extraction_rules.xml","lines":19,"blank":0,"code":5,"comment":14,"efficientComment":0},{"filePath":"/Users/xxhape/Desktop/work/code/cloud_gaming_android/TcrSdkDemo/VKtoolDemo/app/src/main/java/com/tencent/vktooldemo/server/CloudGameApi.java","language":"Java","Filename":"CloudGameApi.java","lines":124,"blank":16,"code":72,"comment":36,"efficientComment":0},{"filePath":"/Users/xxhape/Desktop/work/code/cloud_gaming_android/TcrSdkDemo/VKtoolDemo/app/src/main/java/com/tencent/vktooldemo/server/gson/Response.java","language":"Java","Filename":"Response.java","lines":27,"blank":6,"code":18,"comment":3,"efficientComment":0},{"filePath":"/Users/xxhape/Desktop/work/code/cloud_gaming_android/TcrSdkDemo/VKtoolDemo/app/build/generated/source/buildConfig/debug/com/tencent/vktooldemo/BuildConfig.java","language":"Java","Filename":"BuildConfig.java","lines":12,"blank":1,"code":8,"comment":3,"efficientComment":0},{"filePath":"/Users/xxhape/Desktop/work/code/cloud_gaming_android/TcrSdkDemo/VKtoolDemo/app/src/main/java/com/tencent/vktooldemo/server/gson/GameStopRequest.java","language":"Java","Filename":"GameStopRequest.java","lines":32,"blank":6,"code":22,"comment":4,"efficientComment":0},{"filePath":"/Users/xxhape/Desktop/work/code/cloud_gaming_android/TcrSdkDemo/VKtoolDemo/app/src/main/java/com/tencent/vktooldemo/server/gson/GameStartRequest.java","language":"Java","Filename":"GameStartRequest.java","lines":55,"blank":12,"code":39,"comment":4,"efficientComment":0},{"filePath":"/Users/xxhape/Desktop/work/code/cloud_gaming_android/TcrSdkDemo/VKtoolDemo/app/src/main/java/com/tencent/vktooldemo/server/gson/GameStartResponse.java","language":"Java","Filename":"GameStartResponse.java","lines":42,"blank":9,"code":33,"comment":0,"efficientComment":0},{"filePath":"/Users/xxhape/Desktop/work/code/cloud_gaming_android/TcrSdkDemo/VKtoolDemo/app/src/main/java/com/tencent/vktooldemo/server/gson/Request.java","language":"Java","Filename":"Request.java","lines":68,"blank":7,"code":52,"comment":9,"efficientComment":0},{"filePath":"/Users/xxhape/Desktop/work/code/cloud_gaming_android/TcrSdkDemo/VKtoolDemo/app/src/main/res/values-night/themes.xml","language":"XML","Filename":"themes.xml","lines":16,"blank":0,"code":11,"comment":5,"efficientComment":0},{"filePath":"/Users/xxhape/Desktop/work/code/cloud_gaming_android/TcrSdkDemo/VKtoolDemo/app/src/main/res/values/colors.xml","language":"XML","Filename":"colors.xml","lines":10,"blank":0,"code":10,"comment":0,"efficientComment":0},{"filePath":"/Users/xxhape/Desktop/work/code/cloud_gaming_android/TcrSdkDemo/VKtoolDemo/app/src/main/res/values/themes.xml","language":"XML","Filename":"themes.xml","lines":16,"blank":0,"code":11,"comment":5,"efficientComment":0},{"filePath":"/Users/xxhape/Desktop/work/code/cloud_gaming_android/TcrSdkDemo/VKtoolDemo/app/src/main/res/values/strings.xml","language":"XML","Filename":"strings.xml","lines":3,"blank":0,"code":3,"comment":0,"efficientComment":0},{"filePath":"/Users/xxhape/Desktop/work/code/cloud_gaming_android/TcrSdkDemo/VKtoolDemo/app/src/main/res/mipmap-anydpi-v26/ic_launcher_round.xml","language":"XML","Filename":"ic_launcher_round.xml","lines":5,"blank":0,"code":5,"comment":0,"efficientComment":0},{"filePath":"/Users/xxhape/Desktop/work/code/cloud_gaming_android/TcrSdkDemo/VKtoolDemo/app/src/main/res/drawable-v24/ic_launcher_foreground.xml","language":"XML","Filename":"ic_launcher_foreground.xml","lines":30,"blank":0,"code":30,"comment":0,"efficientComment":0},{"filePath":"/Users/xxhape/Desktop/work/code/cloud_gaming_android/TcrSdkDemo/VKtoolDemo/app/src/main/res/layout/activity_pcgame.xml","language":"XML","Filename":"activity_pcgame.xml","lines":9,"blank":1,"code":8,"comment":0,"efficientComment":0},{"filePath":"/Users/xxhape/Desktop/work/code/cloud_gaming_android/TcrSdkDemo/VKtoolDemo/app/src/main/res/mipmap-anydpi-v26/ic_launcher.xml","language":"XML","Filename":"ic_launcher.xml","lines":5,"blank":0,"code":5,"comment":0,"efficientComment":0},{"filePath":"/Users/xxhape/Desktop/work/code/cloud_gaming_android/TcrSdkDemo/VKtoolDemo/app/src/main/res/drawable/ic_launcher_background.xml","language":"XML","Filename":"ic_launcher_background.xml","lines":170,"blank":0,"code":170,"comment":0,"efficientComment":0},{"filePath":"/Users/xxhape/Desktop/work/code/cloud_gaming_android/TcrSdkDemo/VKtoolDemo/app/build/generated/res/pngs/debug/drawable-anydpi-v24/ic_launcher_foreground.xml","language":"XML","Filename":"ic_launcher_foreground.xml","lines":30,"blank":0,"code":30,"comment":0,"efficientComment":0},{"filePath":"/Users/xxhape/Desktop/work/code/cloud_gaming_android/TcrSdkDemo/VKtoolDemo/app/build/intermediates/source_set_path_map/debug/file-map.txt","language":"Plain Text","Filename":"file-map.txt","lines":29,"blank":0,"code":29,"comment":0,"efficientComment":0},{"filePath":"/Users/xxhape/Desktop/work/code/cloud_gaming_android/TcrSdkDemo/VKtoolDemo/app/build/intermediates/signing_config_versions/debug/signing-config-versions.json","language":"JSON","Filename":"signing-config-versions.json","lines":1,"blank":0,"code":1,"comment":0,"efficientComment":0},{"filePath":"/Users/xxhape/Desktop/work/code/cloud_gaming_android/TcrSdkDemo/VKtoolDemo/app/build/intermediates/symbol_list_with_package_name/debug/package-aware-r.txt","language":"Plain Text","Filename":"package-aware-r.txt","lines":4535,"blank":0,"code":4535,"comment":0,"efficientComment":0},{"filePath":"/Users/xxhape/Desktop/work/code/cloud_gaming_android/TcrSdkDemo/VKtoolDemo/app/build/intermediates/processed_res/debug/out/output-metadata.json","language":"JSON","Filename":"output-metadata.json","lines":20,"blank":0,"code":20,"comment":0,"efficientComment":0},{"filePath":"/Users/xxhape/Desktop/work/code/cloud_gaming_android/TcrSdkDemo/VKtoolDemo/app/build/intermediates/packaged_manifests/debug/output-metadata.json","language":"JSON","Filename":"output-metadata.json","lines":20,"blank":0,"code":20,"comment":0,"efficientComment":0},{"filePath":"/Users/xxhape/Desktop/work/code/cloud_gaming_android/TcrSdkDemo/VKtoolDemo/app/build/intermediates/packaged_manifests/debug/AndroidManifest.xml","language":"XML","Filename":"AndroidManifest.xml","lines":50,"blank":6,"code":44,"comment":0,"efficientComment":0},{"filePath":"/Users/xxhape/Desktop/work/code/cloud_gaming_android/TcrSdkDemo/VKtoolDemo/app/build/intermediates/navigation_json/debug/navigation.json","language":"JSON","Filename":"navigation.json","lines":1,"blank":0,"code":1,"comment":0,"efficientComment":0},{"filePath":"/Users/xxhape/Desktop/work/code/cloud_gaming_android/TcrSdkDemo/VKtoolDemo/app/build/intermediates/stable_resource_ids_file/debug/stableIds.txt","language":"Plain Text","Filename":"stableIds.txt","lines":4541,"blank":0,"code":4541,"comment":0,"efficientComment":0},{"filePath":"/Users/xxhape/Desktop/work/code/cloud_gaming_android/TcrSdkDemo/VKtoolDemo/app/build/intermediates/packaged_res/debug/xml/data_extraction_rules.xml","language":"XML","Filename":"data_extraction_rules.xml","lines":19,"blank":0,"code":5,"comment":14,"efficientComment":0},{"filePath":"/Users/xxhape/Desktop/work/code/cloud_gaming_android/TcrSdkDemo/VKtoolDemo/app/build/intermediates/packaged_res/debug/xml/backup_rules.xml","language":"XML","Filename":"backup_rules.xml","lines":13,"blank":0,"code":3,"comment":10,"efficientComment":0},{"filePath":"/Users/xxhape/Desktop/work/code/cloud_gaming_android/TcrSdkDemo/VKtoolDemo/app/build/intermediates/merged_res_blame_folder/debug/out/single/debug.json","language":"JSON","Filename":"debug.json","lines":70,"blank":0,"code":70,"comment":0,"efficientComment":0},{"filePath":"/Users/xxhape/Desktop/work/code/cloud_gaming_android/TcrSdkDemo/VKtoolDemo/app/build/intermediates/packaged_res/debug/values-night-v8/values-night-v8.xml","language":"XML","Filename":"values-night-v8.xml","lines":16,"blank":4,"code":12,"comment":0,"efficientComment":0},{"filePath":"/Users/xxhape/Desktop/work/code/cloud_gaming_android/TcrSdkDemo/VKtoolDemo/app/build/intermediates/runtime_symbol_list/debug/R.txt","language":"Plain Text","Filename":"R.txt","lines":6110,"blank":0,"code":6110,"comment":0,"efficientComment":0},{"filePath":"/Users/xxhape/Desktop/work/code/cloud_gaming_android/TcrSdkDemo/VKtoolDemo/app/build/intermediates/packaged_res/debug/values/values.xml","language":"XML","Filename":"values.xml","lines":24,"blank":4,"code":20,"comment":0,"efficientComment":0},{"filePath":"/Users/xxhape/Desktop/work/code/cloud_gaming_android/TcrSdkDemo/VKtoolDemo/app/build/intermediates/packaged_res/debug/mipmap-anydpi-v26/ic_launcher.xml","language":"XML","Filename":"ic_launcher.xml","lines":5,"blank":0,"code":5,"comment":0,"efficientComment":0},{"filePath":"/Users/xxhape/Desktop/work/code/cloud_gaming_android/TcrSdkDemo/VKtoolDemo/app/build/intermediates/packaged_res/debug/mipmap-anydpi-v26/ic_launcher_round.xml","language":"XML","Filename":"ic_launcher_round.xml","lines":5,"blank":0,"code":5,"comment":0,"efficientComment":0},{"filePath":"/Users/xxhape/Desktop/work/code/cloud_gaming_android/TcrSdkDemo/VKtoolDemo/app/build/intermediates/packaged_res/debug/layout/activity_pcgame.xml","language":"XML","Filename":"activity_pcgame.xml","lines":9,"blank":1,"code":8,"comment":0,"efficientComment":0},{"filePath":"/Users/xxhape/Desktop/work/code/cloud_gaming_android/TcrSdkDemo/VKtoolDemo/app/build/intermediates/packaged_res/debug/drawable-v24/ic_launcher_foreground.xml","language":"XML","Filename":"ic_launcher_foreground.xml","lines":30,"blank":0,"code":30,"comment":0,"efficientComment":0},{"filePath":"/Users/xxhape/Desktop/work/code/cloud_gaming_android/TcrSdkDemo/VKtoolDemo/app/build/intermediates/packaged_res/debug/drawable/ic_launcher_background.xml","language":"XML","Filename":"ic_launcher_background.xml","lines":170,"blank":0,"code":170,"comment":0,"efficientComment":0},{"filePath":"/Users/xxhape/Desktop/work/code/cloud_gaming_android/TcrSdkDemo/VKtoolDemo/app/build/intermediates/merged_manifest/debug/AndroidManifest.xml","language":"XML","Filename":"AndroidManifest.xml","lines":50,"blank":6,"code":44,"comment":0,"efficientComment":0},{"filePath":"/Users/xxhape/Desktop/work/code/cloud_gaming_android/TcrSdkDemo/VKtoolDemo/app/build/intermediates/merged_manifests/debug/AndroidManifest.xml","language":"XML","Filename":"AndroidManifest.xml","lines":50,"blank":6,"code":44,"comment":0,"efficientComment":0},{"filePath":"/Users/xxhape/Desktop/work/code/cloud_gaming_android/TcrSdkDemo/VKtoolDemo/app/build/intermediates/merged_manifests/debug/output-metadata.json","language":"JSON","Filename":"output-metadata.json","lines":20,"blank":0,"code":20,"comment":0,"efficientComment":0},{"filePath":"/Users/xxhape/Desktop/work/code/cloud_gaming_android/TcrSdkDemo/VKtoolDemo/app/build/intermediates/manifest_merge_blame_file/debug/manifest-merger-blame-debug-report.txt","language":"Plain Text","Filename":"manifest-merger-blame-debug-report.txt","lines":86,"blank":0,"code":86,"comment":0,"efficientComment":0},{"filePath":"/Users/xxhape/Desktop/work/code/cloud_gaming_android/TcrSdkDemo/VKtoolDemo/app/build/intermediates/local_only_symbol_list/debug/R-def.txt","language":"Plain Text","Filename":"R-def.txt","lines":19,"blank":0,"code":19,"comment":0,"efficientComment":0},{"filePath":"/Users/xxhape/Desktop/work/code/cloud_gaming_android/TcrSdkDemo/VKtoolDemo/app/build/intermediates/incremental/mergeDebugShaders/merger.xml","language":"XML","Filename":"merger.xml","lines":2,"blank":0,"code":2,"comment":0,"efficientComment":0},{"filePath":"/Users/xxhape/Desktop/work/code/cloud_gaming_android/TcrSdkDemo/VKtoolDemo/app/build/intermediates/incremental/mergeDebugJniLibFolders/merger.xml","language":"XML","Filename":"merger.xml","lines":2,"blank":0,"code":2,"comment":0,"efficientComment":0},{"filePath":"/Users/xxhape/Desktop/work/code/cloud_gaming_android/TcrSdkDemo/VKtoolDemo/app/build/intermediates/incremental/packageDebug/tmp/debug/dex-renamer-state.txt","language":"Plain Text","Filename":"dex-renamer-state.txt","lines":16,"blank":0,"code":16,"comment":0,"efficientComment":0},{"filePath":"/Users/xxhape/Desktop/work/code/cloud_gaming_android/TcrSdkDemo/VKtoolDemo/app/build/intermediates/incremental/mergeDebugAssets/merger.xml","language":"XML","Filename":"merger.xml","lines":2,"blank":0,"code":2,"comment":0,"efficientComment":0},{"filePath":"/Users/xxhape/Desktop/work/code/cloud_gaming_android/TcrSdkDemo/VKtoolDemo/app/build/intermediates/incremental/debug/packageDebugResources/compile-file-map.properties","language":"Properties File","Filename":"compile-file-map.properties","lines":18,"blank":0,"code":17,"comment":1,"efficientComment":0},{"filePath":"/Users/xxhape/Desktop/work/code/cloud_gaming_android/TcrSdkDemo/VKtoolDemo/app/build/intermediates/incremental/debug/packageDebugResources/merger.xml","language":"XML","Filename":"merger.xml","lines":26,"blank":8,"code":18,"comment":0,"efficientComment":0},{"filePath":"/Users/xxhape/Desktop/work/code/cloud_gaming_android/TcrSdkDemo/VKtoolDemo/app/build/intermediates/incremental/debug/packageDebugResources/merged.dir/values-night-v8/values-night-v8.xml","language":"XML","Filename":"values-night-v8.xml","lines":16,"blank":4,"code":12,"comment":0,"efficientComment":0},{"filePath":"/Users/xxhape/Desktop/work/code/cloud_gaming_android/TcrSdkDemo/VKtoolDemo/app/build/intermediates/incremental/debug/mergeDebugResources/compile-file-map.properties","language":"Properties File","Filename":"compile-file-map.properties","lines":18,"blank":0,"code":17,"comment":1,"efficientComment":0},{"filePath":"/Users/xxhape/Desktop/work/code/cloud_gaming_android/TcrSdkDemo/VKtoolDemo/app/build/intermediates/incremental/debug/packageDebugResources/merged.dir/values/values.xml","language":"XML","Filename":"values.xml","lines":24,"blank":4,"code":20,"comment":0,"efficientComment":0},{"filePath":"/Users/xxhape/Desktop/work/code/cloud_gaming_android/TcrSdkDemo/VKtoolDemo/app/build/intermediates/incremental/debug/mergeDebugResources/merger.xml","language":"XML","Filename":"merger.xml","lines":12176,"blank":3170,"code":9006,"comment":0,"efficientComment":0},{"filePath":"/Users/xxhape/Desktop/work/code/cloud_gaming_android/TcrSdkDemo/VKtoolDemo/app/build/intermediates/merged_res_blame_folder/debug/out/multi-v2/values-am.json","language":"JSON","Filename":"values-am.json","lines":62,"blank":0,"code":62,"comment":0,"efficientComment":0},{"filePath":"/Users/xxhape/Desktop/work/code/cloud_gaming_android/TcrSdkDemo/VKtoolDemo/app/build/intermediates/merged_res_blame_folder/debug/out/multi-v2/values-ar.json","language":"JSON","Filename":"values-ar.json","lines":62,"blank":0,"code":62,"comment":0,"efficientComment":0},{"filePath":"/Users/xxhape/Desktop/work/code/cloud_gaming_android/TcrSdkDemo/VKtoolDemo/app/build/intermediates/merged_res_blame_folder/debug/out/multi-v2/values-af.json","language":"JSON","Filename":"values-af.json","lines":62,"blank":0,"code":62,"comment":0,"efficientComment":0},{"filePath":"/Users/xxhape/Desktop/work/code/cloud_gaming_android/TcrSdkDemo/VKtoolDemo/app/build/intermediates/merged_res_blame_folder/debug/out/multi-v2/values-as.json","language":"JSON","Filename":"values-as.json","lines":62,"blank":0,"code":62,"comment":0,"efficientComment":0},{"filePath":"/Users/xxhape/Desktop/work/code/cloud_gaming_android/TcrSdkDemo/VKtoolDemo/app/build/intermediates/merged_res_blame_folder/debug/out/multi-v2/values-az.json","language":"JSON","Filename":"values-az.json","lines":62,"blank":0,"code":62,"comment":0,"efficientComment":0},{"filePath":"/Users/xxhape/Desktop/work/code/cloud_gaming_android/TcrSdkDemo/VKtoolDemo/app/build/intermediates/merged_res_blame_folder/debug/out/multi-v2/values-b+sr+Latn.json","language":"JSON","Filename":"values-b+sr+Latn.json","lines":62,"blank":0,"code":62,"comment":0,"efficientComment":0},{"filePath":"/Users/xxhape/Desktop/work/code/cloud_gaming_android/TcrSdkDemo/VKtoolDemo/app/build/intermediates/merged_res_blame_folder/debug/out/multi-v2/values-be.json","language":"JSON","Filename":"values-be.json","lines":62,"blank":0,"code":62,"comment":0,"efficientComment":0},{"filePath":"/Users/xxhape/Desktop/work/code/cloud_gaming_android/TcrSdkDemo/VKtoolDemo/app/build/intermediates/merged_res_blame_folder/debug/out/multi-v2/values-b+es+419.json","language":"JSON","Filename":"values-b+es+419.json","lines":20,"blank":0,"code":20,"comment":0,"efficientComment":0},{"filePath":"/Users/xxhape/Desktop/work/code/cloud_gaming_android/TcrSdkDemo/VKtoolDemo/app/build/intermediates/merged_res_blame_folder/debug/out/multi-v2/values-bg.json","language":"JSON","Filename":"values-bg.json","lines":62,"blank":0,"code":62,"comment":0,"efficientComment":0},{"filePath":"/Users/xxhape/Desktop/work/code/cloud_gaming_android/TcrSdkDemo/VKtoolDemo/app/build/intermediates/merged_res_blame_folder/debug/out/multi-v2/values-bn.json","language":"JSON","Filename":"values-bn.json","lines":62,"blank":0,"code":62,"comment":0,"efficientComment":0},{"filePath":"/Users/xxhape/Desktop/work/code/cloud_gaming_android/TcrSdkDemo/VKtoolDemo/app/build/intermediates/merged_res_blame_folder/debug/out/multi-v2/values-bs.json","language":"JSON","Filename":"values-bs.json","lines":62,"blank":0,"code":62,"comment":0,"efficientComment":0},{"filePath":"/Users/xxhape/Desktop/work/code/cloud_gaming_android/TcrSdkDemo/VKtoolDemo/app/build/intermediates/merged_res_blame_folder/debug/out/multi-v2/values-en-rAU.json","language":"JSON","Filename":"values-en-rAU.json","lines":36,"blank":0,"code":36,"comment":0,"efficientComment":0},{"filePath":"/Users/xxhape/Desktop/work/code/cloud_gaming_android/TcrSdkDemo/VKtoolDemo/app/build/intermediates/merged_res_blame_folder/debug/out/multi-v2/values-de.json","language":"JSON","Filename":"values-de.json","lines":62,"blank":0,"code":62,"comment":0,"efficientComment":0},{"filePath":"/Users/xxhape/Desktop/work/code/cloud_gaming_android/TcrSdkDemo/VKtoolDemo/app/build/intermediates/merged_res_blame_folder/debug/out/multi-v2/values-cs.json","language":"JSON","Filename":"values-cs.json","lines":62,"blank":0,"code":62,"comment":0,"efficientComment":0},{"filePath":"/Users/xxhape/Desktop/work/code/cloud_gaming_android/TcrSdkDemo/VKtoolDemo/app/build/intermediates/merged_res_blame_folder/debug/out/multi-v2/values-da.json","language":"JSON","Filename":"values-da.json","lines":62,"blank":0,"code":62,"comment":0,"efficientComment":0},{"filePath":"/Users/xxhape/Desktop/work/code/cloud_gaming_android/TcrSdkDemo/VKtoolDemo/app/build/intermediates/merged_res_blame_folder/debug/out/multi-v2/values-el.json","language":"JSON","Filename":"values-el.json","lines":62,"blank":0,"code":62,"comment":0,"efficientComment":0},{"filePath":"/Users/xxhape/Desktop/work/code/cloud_gaming_android/TcrSdkDemo/VKtoolDemo/app/build/intermediates/merged_res_blame_folder/debug/out/multi-v2/values-en-rCA.json","language":"JSON","Filename":"values-en-rCA.json","lines":36,"blank":0,"code":36,"comment":0,"efficientComment":0},{"filePath":"/Users/xxhape/Desktop/work/code/cloud_gaming_android/TcrSdkDemo/VKtoolDemo/app/build/intermediates/merged_res_blame_folder/debug/out/multi-v2/values-en-rGB.json","language":"JSON","Filename":"values-en-rGB.json","lines":62,"blank":0,"code":62,"comment":0,"efficientComment":0},{"filePath":"/Users/xxhape/Desktop/work/code/cloud_gaming_android/TcrSdkDemo/VKtoolDemo/app/build/intermediates/merged_res_blame_folder/debug/out/multi-v2/values-ca.json","language":"JSON","Filename":"values-ca.json","lines":62,"blank":0,"code":62,"comment":0,"efficientComment":0},{"filePath":"/Users/xxhape/Desktop/work/code/cloud_gaming_android/TcrSdkDemo/VKtoolDemo/app/build/intermediates/merged_res_blame_folder/debug/out/multi-v2/values-en-rIN.json","language":"JSON","Filename":"values-en-rIN.json","lines":36,"blank":0,"code":36,"comment":0,"efficientComment":0},{"filePath":"/Users/xxhape/Desktop/work/code/cloud_gaming_android/TcrSdkDemo/VKtoolDemo/app/build/intermediates/merged_res_blame_folder/debug/out/multi-v2/values-en-rXC.json","language":"JSON","Filename":"values-en-rXC.json","lines":36,"blank":0,"code":36,"comment":0,"efficientComment":0},{"filePath":"/Users/xxhape/Desktop/work/code/cloud_gaming_android/TcrSdkDemo/VKtoolDemo/app/build/intermediates/merged_res_blame_folder/debug/out/multi-v2/values-es-rUS.json","language":"JSON","Filename":"values-es-rUS.json","lines":62,"blank":0,"code":62,"comment":0,"efficientComment":0},{"filePath":"/Users/xxhape/Desktop/work/code/cloud_gaming_android/TcrSdkDemo/VKtoolDemo/app/build/intermediates/merged_res_blame_folder/debug/out/multi-v2/values-es.json","language":"JSON","Filename":"values-es.json","lines":62,"blank":0,"code":62,"comment":0,"efficientComment":0},{"filePath":"/Users/xxhape/Desktop/work/code/cloud_gaming_android/TcrSdkDemo/VKtoolDemo/app/build/intermediates/merged_res_blame_folder/debug/out/multi-v2/values-et.json","language":"JSON","Filename":"values-et.json","lines":62,"blank":0,"code":62,"comment":0,"efficientComment":0},{"filePath":"/Users/xxhape/Desktop/work/code/cloud_gaming_android/TcrSdkDemo/VKtoolDemo/app/build/intermediates/merged_res_blame_folder/debug/out/multi-v2/values-eu.json","language":"JSON","Filename":"values-eu.json","lines":62,"blank":0,"code":62,"comment":0,"efficientComment":0},{"filePath":"/Users/xxhape/Desktop/work/code/cloud_gaming_android/TcrSdkDemo/VKtoolDemo/app/build/intermediates/merged_res_blame_folder/debug/out/multi-v2/values-gl.json","language":"JSON","Filename":"values-gl.json","lines":62,"blank":0,"code":62,"comment":0,"efficientComment":0},{"filePath":"/Users/xxhape/Desktop/work/code/cloud_gaming_android/TcrSdkDemo/VKtoolDemo/app/build/intermediates/merged_res_blame_folder/debug/out/multi-v2/values-fr.json","language":"JSON","Filename":"values-fr.json","lines":62,"blank":0,"code":62,"comment":0,"efficientComment":0},{"filePath":"/Users/xxhape/Desktop/work/code/cloud_gaming_android/TcrSdkDemo/VKtoolDemo/app/build/intermediates/merged_res_blame_folder/debug/out/multi-v2/values-h480dp-land-v13.json","language":"JSON","Filename":"values-h480dp-land-v13.json","lines":19,"blank":0,"code":19,"comment":0,"efficientComment":0},{"filePath":"/Users/xxhape/Desktop/work/code/cloud_gaming_android/TcrSdkDemo/VKtoolDemo/app/build/intermediates/merged_res_blame_folder/debug/out/multi-v2/values-fa.json","language":"JSON","Filename":"values-fa.json","lines":62,"blank":0,"code":62,"comment":0,"efficientComment":0},{"filePath":"/Users/xxhape/Desktop/work/code/cloud_gaming_android/TcrSdkDemo/VKtoolDemo/app/build/intermediates/merged_res_blame_folder/debug/out/multi-v2/values-fi.json","language":"JSON","Filename":"values-fi.json","lines":62,"blank":0,"code":62,"comment":0,"efficientComment":0},{"filePath":"/Users/xxhape/Desktop/work/code/cloud_gaming_android/TcrSdkDemo/VKtoolDemo/app/build/intermediates/merged_res_blame_folder/debug/out/multi-v2/values-fr-rCA.json","language":"JSON","Filename":"values-fr-rCA.json","lines":62,"blank":0,"code":62,"comment":0,"efficientComment":0},{"filePath":"/Users/xxhape/Desktop/work/code/cloud_gaming_android/TcrSdkDemo/VKtoolDemo/app/build/intermediates/merged_res_blame_folder/debug/out/multi-v2/values-h360dp-land-v13.json","language":"JSON","Filename":"values-h360dp-land-v13.json","lines":19,"blank":0,"code":19,"comment":0,"efficientComment":0},{"filePath":"/Users/xxhape/Desktop/work/code/cloud_gaming_android/TcrSdkDemo/VKtoolDemo/app/build/intermediates/merged_res_blame_folder/debug/out/multi-v2/values-h320dp-port-v13.json","language":"JSON","Filename":"values-h320dp-port-v13.json","lines":19,"blank":0,"code":19,"comment":0,"efficientComment":0},{"filePath":"/Users/xxhape/Desktop/work/code/cloud_gaming_android/TcrSdkDemo/VKtoolDemo/app/build/intermediates/merged_res_blame_folder/debug/out/multi-v2/values-gu.json","language":"JSON","Filename":"values-gu.json","lines":62,"blank":0,"code":62,"comment":0,"efficientComment":0},{"filePath":"/Users/xxhape/Desktop/work/code/cloud_gaming_android/TcrSdkDemo/VKtoolDemo/app/build/intermediates/merged_res_blame_folder/debug/out/multi-v2/values-h550dp-port-v13.json","language":"JSON","Filename":"values-h550dp-port-v13.json","lines":19,"blank":0,"code":19,"comment":0,"efficientComment":0},{"filePath":"/Users/xxhape/Desktop/work/code/cloud_gaming_android/TcrSdkDemo/VKtoolDemo/app/build/intermediates/merged_res_blame_folder/debug/out/multi-v2/values-hi.json","language":"JSON","Filename":"values-hi.json","lines":62,"blank":0,"code":62,"comment":0,"efficientComment":0},{"filePath":"/Users/xxhape/Desktop/work/code/cloud_gaming_android/TcrSdkDemo/VKtoolDemo/app/build/intermediates/merged_res_blame_folder/debug/out/multi-v2/values-hdpi-v4.json","language":"JSON","Filename":"values-hdpi-v4.json","lines":20,"blank":0,"code":20,"comment":0,"efficientComment":0},{"filePath":"/Users/xxhape/Desktop/work/code/cloud_gaming_android/TcrSdkDemo/VKtoolDemo/app/build/intermediates/merged_res_blame_folder/debug/out/multi-v2/values-h720dp-v13.json","language":"JSON","Filename":"values-h720dp-v13.json","lines":19,"blank":0,"code":19,"comment":0,"efficientComment":0},{"filePath":"/Users/xxhape/Desktop/work/code/cloud_gaming_android/TcrSdkDemo/VKtoolDemo/app/build/intermediates/merged_res_blame_folder/debug/out/multi-v2/values-hu.json","language":"JSON","Filename":"values-hu.json","lines":62,"blank":0,"code":62,"comment":0,"efficientComment":0},{"filePath":"/Users/xxhape/Desktop/work/code/cloud_gaming_android/TcrSdkDemo/VKtoolDemo/app/build/intermediates/merged_res_blame_folder/debug/out/multi-v2/values-hr.json","language":"JSON","Filename":"values-hr.json","lines":62,"blank":0,"code":62,"comment":0,"efficientComment":0},{"filePath":"/Users/xxhape/Desktop/work/code/cloud_gaming_android/TcrSdkDemo/VKtoolDemo/app/build/intermediates/merged_res_blame_folder/debug/out/multi-v2/values-hy.json","language":"JSON","Filename":"values-hy.json","lines":62,"blank":0,"code":62,"comment":0,"efficientComment":0},{"filePath":"/Users/xxhape/Desktop/work/code/cloud_gaming_android/TcrSdkDemo/VKtoolDemo/app/build/intermediates/merged_res_blame_folder/debug/out/multi-v2/values-in.json","language":"JSON","Filename":"values-in.json","lines":62,"blank":0,"code":62,"comment":0,"efficientComment":0},{"filePath":"/Users/xxhape/Desktop/work/code/cloud_gaming_android/TcrSdkDemo/VKtoolDemo/app/build/intermediates/merged_res_blame_folder/debug/out/multi-v2/values-iw.json","language":"JSON","Filename":"values-iw.json","lines":62,"blank":0,"code":62,"comment":0,"efficientComment":0},{"filePath":"/Users/xxhape/Desktop/work/code/cloud_gaming_android/TcrSdkDemo/VKtoolDemo/app/build/intermediates/merged_res_blame_folder/debug/out/multi-v2/values-kk.json","language":"JSON","Filename":"values-kk.json","lines":62,"blank":0,"code":62,"comment":0,"efficientComment":0},{"filePath":"/Users/xxhape/Desktop/work/code/cloud_gaming_android/TcrSdkDemo/VKtoolDemo/app/build/intermediates/merged_res_blame_folder/debug/out/multi-v2/values-it.json","language":"JSON","Filename":"values-it.json","lines":62,"blank":0,"code":62,"comment":0,"efficientComment":0},{"filePath":"/Users/xxhape/Desktop/work/code/cloud_gaming_android/TcrSdkDemo/VKtoolDemo/app/build/intermediates/merged_res_blame_folder/debug/out/multi-v2/values-ja.json","language":"JSON","Filename":"values-ja.json","lines":62,"blank":0,"code":62,"comment":0,"efficientComment":0},{"filePath":"/Users/xxhape/Desktop/work/code/cloud_gaming_android/TcrSdkDemo/VKtoolDemo/app/build/intermediates/merged_res_blame_folder/debug/out/multi-v2/values-ka.json","language":"JSON","Filename":"values-ka.json","lines":62,"blank":0,"code":62,"comment":0,"efficientComment":0},{"filePath":"/Users/xxhape/Desktop/work/code/cloud_gaming_android/TcrSdkDemo/VKtoolDemo/app/build/intermediates/merged_res_blame_folder/debug/out/multi-v2/values-kn.json","language":"JSON","Filename":"values-kn.json","lines":62,"blank":0,"code":62,"comment":0,"efficientComment":0},{"filePath":"/Users/xxhape/Desktop/work/code/cloud_gaming_android/TcrSdkDemo/VKtoolDemo/app/build/intermediates/merged_res_blame_folder/debug/out/multi-v2/values-km.json","language":"JSON","Filename":"values-km.json","lines":62,"blank":0,"code":62,"comment":0,"efficientComment":0},{"filePath":"/Users/xxhape/Desktop/work/code/cloud_gaming_android/TcrSdkDemo/VKtoolDemo/app/build/intermediates/merged_res_blame_folder/debug/out/multi-v2/values-ko.json","language":"JSON","Filename":"values-ko.json","lines":62,"blank":0,"code":62,"comment":0,"efficientComment":0},{"filePath":"/Users/xxhape/Desktop/work/code/cloud_gaming_android/TcrSdkDemo/VKtoolDemo/app/build/intermediates/merged_res_blame_folder/debug/out/multi-v2/values-ldltr-v21.json","language":"JSON","Filename":"values-ldltr-v21.json","lines":19,"blank":0,"code":19,"comment":0,"efficientComment":0},{"filePath":"/Users/xxhape/Desktop/work/code/cloud_gaming_android/TcrSdkDemo/VKtoolDemo/app/build/intermediates/merged_res_blame_folder/debug/out/multi-v2/values-ldrtl-v17.json","language":"JSON","Filename":"values-ldrtl-v17.json","lines":19,"blank":0,"code":19,"comment":0,"efficientComment":0},{"filePath":"/Users/xxhape/Desktop/work/code/cloud_gaming_android/TcrSdkDemo/VKtoolDemo/app/build/intermediates/merged_res_blame_folder/debug/out/multi-v2/values-is.json","language":"JSON","Filename":"values-is.json","lines":62,"blank":0,"code":62,"comment":0,"efficientComment":0},{"filePath":"/Users/xxhape/Desktop/work/code/cloud_gaming_android/TcrSdkDemo/VKtoolDemo/app/build/intermediates/merged_res_blame_folder/debug/out/multi-v2/values-lo.json","language":"JSON","Filename":"values-lo.json","lines":62,"blank":0,"code":62,"comment":0,"efficientComment":0},{"filePath":"/Users/xxhape/Desktop/work/code/cloud_gaming_android/TcrSdkDemo/VKtoolDemo/app/build/intermediates/merged_res_blame_folder/debug/out/multi-v2/values-ky.json","language":"JSON","Filename":"values-ky.json","lines":62,"blank":0,"code":62,"comment":0,"efficientComment":0},{"filePath":"/Users/xxhape/Desktop/work/code/cloud_gaming_android/TcrSdkDemo/VKtoolDemo/app/build/intermediates/merged_res_blame_folder/debug/out/multi-v2/values-nb.json","language":"JSON","Filename":"values-nb.json","lines":62,"blank":0,"code":62,"comment":0,"efficientComment":0},{"filePath":"/Users/xxhape/Desktop/work/code/cloud_gaming_android/TcrSdkDemo/VKtoolDemo/app/build/intermediates/merged_res_blame_folder/debug/out/multi-v2/values-mn.json","language":"JSON","Filename":"values-mn.json","lines":62,"blank":0,"code":62,"comment":0,"efficientComment":0},{"filePath":"/Users/xxhape/Desktop/work/code/cloud_gaming_android/TcrSdkDemo/VKtoolDemo/app/build/intermediates/merged_res_blame_folder/debug/out/multi-v2/values-nl.json","language":"JSON","Filename":"values-nl.json","lines":62,"blank":0,"code":62,"comment":0,"efficientComment":0},{"filePath":"/Users/xxhape/Desktop/work/code/cloud_gaming_android/TcrSdkDemo/VKtoolDemo/app/build/intermediates/merged_res_blame_folder/debug/out/multi-v2/values-lv.json","language":"JSON","Filename":"values-lv.json","lines":62,"blank":0,"code":62,"comment":0,"efficientComment":0},{"filePath":"/Users/xxhape/Desktop/work/code/cloud_gaming_android/TcrSdkDemo/VKtoolDemo/app/build/intermediates/merged_res_blame_folder/debug/out/multi-v2/values-land.json","language":"JSON","Filename":"values-land.json","lines":38,"blank":0,"code":38,"comment":0,"efficientComment":0},{"filePath":"/Users/xxhape/Desktop/work/code/cloud_gaming_android/TcrSdkDemo/VKtoolDemo/app/build/intermediates/merged_res_blame_folder/debug/out/multi-v2/values-pa.json","language":"JSON","Filename":"values-pa.json","lines":62,"blank":0,"code":62,"comment":0,"efficientComment":0},{"filePath":"/Users/xxhape/Desktop/work/code/cloud_gaming_android/TcrSdkDemo/VKtoolDemo/app/build/intermediates/merged_res_blame_folder/debug/out/multi-v2/values-ne.json","language":"JSON","Filename":"values-ne.json","lines":62,"blank":0,"code":62,"comment":0,"efficientComment":0},{"filePath":"/Users/xxhape/Desktop/work/code/cloud_gaming_android/TcrSdkDemo/VKtoolDemo/app/build/intermediates/merged_res_blame_folder/debug/out/multi-v2/values-my.json","language":"JSON","Filename":"values-my.json","lines":62,"blank":0,"code":62,"comment":0,"efficientComment":0},{"filePath":"/Users/xxhape/Desktop/work/code/cloud_gaming_android/TcrSdkDemo/VKtoolDemo/app/build/intermediates/merged_res_blame_folder/debug/out/multi-v2/values-port.json","language":"JSON","Filename":"values-port.json","lines":19,"blank":0,"code":19,"comment":0,"efficientComment":0},{"filePath":"/Users/xxhape/Desktop/work/code/cloud_gaming_android/TcrSdkDemo/VKtoolDemo/app/build/intermediates/merged_res_blame_folder/debug/out/multi-v2/values-large-v4.json","language":"JSON","Filename":"values-large-v4.json","lines":38,"blank":0,"code":38,"comment":0,"efficientComment":0},{"filePath":"/Users/xxhape/Desktop/work/code/cloud_gaming_android/TcrSdkDemo/VKtoolDemo/app/build/intermediates/merged_res_blame_folder/debug/out/multi-v2/values-night-v8.json","language":"JSON","Filename":"values-night-v8.json","lines":62,"blank":0,"code":62,"comment":0,"efficientComment":0},{"filePath":"/Users/xxhape/Desktop/work/code/cloud_gaming_android/TcrSdkDemo/VKtoolDemo/app/build/intermediates/merged_res_blame_folder/debug/out/multi-v2/values-mk.json","language":"JSON","Filename":"values-mk.json","lines":62,"blank":0,"code":62,"comment":0,"efficientComment":0},{"filePath":"/Users/xxhape/Desktop/work/code/cloud_gaming_android/TcrSdkDemo/VKtoolDemo/app/build/intermediates/merged_res_blame_folder/debug/out/multi-v2/values-pt-rBR.json","language":"JSON","Filename":"values-pt-rBR.json","lines":62,"blank":0,"code":62,"comment":0,"efficientComment":0},{"filePath":"/Users/xxhape/Desktop/work/code/cloud_gaming_android/TcrSdkDemo/VKtoolDemo/app/build/intermediates/merged_res_blame_folder/debug/out/multi-v2/values-or.json","language":"JSON","Filename":"values-or.json","lines":62,"blank":0,"code":62,"comment":0,"efficientComment":0},{"filePath":"/Users/xxhape/Desktop/work/code/cloud_gaming_android/TcrSdkDemo/VKtoolDemo/app/build/intermediates/merged_res_blame_folder/debug/out/multi-v2/values-pl.json","language":"JSON","Filename":"values-pl.json","lines":62,"blank":0,"code":62,"comment":0,"efficientComment":0},{"filePath":"/Users/xxhape/Desktop/work/code/cloud_gaming_android/TcrSdkDemo/VKtoolDemo/app/build/intermediates/merged_res_blame_folder/debug/out/multi-v2/values-pt-rPT.json","language":"JSON","Filename":"values-pt-rPT.json","lines":62,"blank":0,"code":62,"comment":0,"efficientComment":0},{"filePath":"/Users/xxhape/Desktop/work/code/cloud_gaming_android/TcrSdkDemo/VKtoolDemo/app/build/intermediates/merged_res_blame_folder/debug/out/multi-v2/values-ro.json","language":"JSON","Filename":"values-ro.json","lines":62,"blank":0,"code":62,"comment":0,"efficientComment":0},{"filePath":"/Users/xxhape/Desktop/work/code/cloud_gaming_android/TcrSdkDemo/VKtoolDemo/app/build/intermediates/merged_res_blame_folder/debug/out/multi-v2/values-ms.json","language":"JSON","Filename":"values-ms.json","lines":62,"blank":0,"code":62,"comment":0,"efficientComment":0},{"filePath":"/Users/xxhape/Desktop/work/code/cloud_gaming_android/TcrSdkDemo/VKtoolDemo/app/build/intermediates/merged_res_blame_folder/debug/out/multi-v2/values-lt.json","language":"JSON","Filename":"values-lt.json","lines":62,"blank":0,"code":62,"comment":0,"efficientComment":0},{"filePath":"/Users/xxhape/Desktop/work/code/cloud_gaming_android/TcrSdkDemo/VKtoolDemo/app/build/intermediates/merged_res_blame_folder/debug/out/multi-v2/values-ml.json","language":"JSON","Filename":"values-ml.json","lines":62,"blank":0,"code":62,"comment":0,"efficientComment":0},{"filePath":"/Users/xxhape/Desktop/work/code/cloud_gaming_android/TcrSdkDemo/VKtoolDemo/app/build/intermediates/merged_res_blame_folder/debug/out/multi-v2/values-sr.json","language":"JSON","Filename":"values-sr.json","lines":62,"blank":0,"code":62,"comment":0,"efficientComment":0},{"filePath":"/Users/xxhape/Desktop/work/code/cloud_gaming_android/TcrSdkDemo/VKtoolDemo/app/build/intermediates/merged_res_blame_folder/debug/out/multi-v2/values-sq.json","language":"JSON","Filename":"values-sq.json","lines":62,"blank":0,"code":62,"comment":0,"efficientComment":0},{"filePath":"/Users/xxhape/Desktop/work/code/cloud_gaming_android/TcrSdkDemo/VKtoolDemo/app/build/intermediates/merged_res_blame_folder/debug/out/multi-v2/values-sl.json","language":"JSON","Filename":"values-sl.json","lines":62,"blank":0,"code":62,"comment":0,"efficientComment":0},{"filePath":"/Users/xxhape/Desktop/work/code/cloud_gaming_android/TcrSdkDemo/VKtoolDemo/app/build/intermediates/merged_res_blame_folder/debug/out/multi-v2/values-sk.json","language":"JSON","Filename":"values-sk.json","lines":62,"blank":0,"code":62,"comment":0,"efficientComment":0},{"filePath":"/Users/xxhape/Desktop/work/code/cloud_gaming_android/TcrSdkDemo/VKtoolDemo/app/build/intermediates/merged_res_blame_folder/debug/out/multi-v2/values-pt.json","language":"JSON","Filename":"values-pt.json","lines":36,"blank":0,"code":36,"comment":0,"efficientComment":0},{"filePath":"/Users/xxhape/Desktop/work/code/cloud_gaming_android/TcrSdkDemo/VKtoolDemo/app/build/intermediates/merged_res_blame_folder/debug/out/multi-v2/values-ru.json","language":"JSON","Filename":"values-ru.json","lines":62,"blank":0,"code":62,"comment":0,"efficientComment":0},{"filePath":"/Users/xxhape/Desktop/work/code/cloud_gaming_android/TcrSdkDemo/VKtoolDemo/app/build/intermediates/merged_res_blame_folder/debug/out/multi-v2/values-sw600dp-v13.json","language":"JSON","Filename":"values-sw600dp-v13.json","lines":38,"blank":0,"code":38,"comment":0,"efficientComment":0},{"filePath":"/Users/xxhape/Desktop/work/code/cloud_gaming_android/TcrSdkDemo/VKtoolDemo/app/build/intermediates/merged_res_blame_folder/debug/out/multi-v2/values-te.json","language":"JSON","Filename":"values-te.json","lines":62,"blank":0,"code":62,"comment":0,"efficientComment":0},{"filePath":"/Users/xxhape/Desktop/work/code/cloud_gaming_android/TcrSdkDemo/VKtoolDemo/app/build/intermediates/merged_res_blame_folder/debug/out/multi-v2/values-mr.json","language":"JSON","Filename":"values-mr.json","lines":62,"blank":0,"code":62,"comment":0,"efficientComment":0},{"filePath":"/Users/xxhape/Desktop/work/code/cloud_gaming_android/TcrSdkDemo/VKtoolDemo/app/build/intermediates/merged_res_blame_folder/debug/out/multi-v2/values-sv.json","language":"JSON","Filename":"values-sv.json","lines":62,"blank":0,"code":62,"comment":0,"efficientComment":0},{"filePath":"/Users/xxhape/Desktop/work/code/cloud_gaming_android/TcrSdkDemo/VKtoolDemo/app/build/intermediates/merged_res_blame_folder/debug/out/multi-v2/values-ur.json","language":"JSON","Filename":"values-ur.json","lines":62,"blank":0,"code":62,"comment":0,"efficientComment":0},{"filePath":"/Users/xxhape/Desktop/work/code/cloud_gaming_android/TcrSdkDemo/VKtoolDemo/app/build/intermediates/merged_res_blame_folder/debug/out/multi-v2/values-ta.json","language":"JSON","Filename":"values-ta.json","lines":62,"blank":0,"code":62,"comment":0,"efficientComment":0},{"filePath":"/Users/xxhape/Desktop/work/code/cloud_gaming_android/TcrSdkDemo/VKtoolDemo/app/build/intermediates/merged_res_blame_folder/debug/out/multi-v2/values-uk.json","language":"JSON","Filename":"values-uk.json","lines":62,"blank":0,"code":62,"comment":0,"efficientComment":0},{"filePath":"/Users/xxhape/Desktop/work/code/cloud_gaming_android/TcrSdkDemo/VKtoolDemo/app/build/intermediates/merged_res_blame_folder/debug/out/multi-v2/values-sw.json","language":"JSON","Filename":"values-sw.json","lines":62,"blank":0,"code":62,"comment":0,"efficientComment":0},{"filePath":"/Users/xxhape/Desktop/work/code/cloud_gaming_android/TcrSdkDemo/VKtoolDemo/app/build/intermediates/merged_res_blame_folder/debug/out/multi-v2/values-si.json","language":"JSON","Filename":"values-si.json","lines":62,"blank":0,"code":62,"comment":0,"efficientComment":0},{"filePath":"/Users/xxhape/Desktop/work/code/cloud_gaming_android/TcrSdkDemo/VKtoolDemo/app/build/intermediates/merged_res_blame_folder/debug/out/multi-v2/values-th.json","language":"JSON","Filename":"values-th.json","lines":62,"blank":0,"code":62,"comment":0,"efficientComment":0},{"filePath":"/Users/xxhape/Desktop/work/code/cloud_gaming_android/TcrSdkDemo/VKtoolDemo/app/build/intermediates/merged_res_blame_folder/debug/out/multi-v2/values-small-v4.json","language":"JSON","Filename":"values-small-v4.json","lines":19,"blank":0,"code":19,"comment":0,"efficientComment":0},{"filePath":"/Users/xxhape/Desktop/work/code/cloud_gaming_android/TcrSdkDemo/VKtoolDemo/app/build/intermediates/merged_res_blame_folder/debug/out/multi-v2/values-tr.json","language":"JSON","Filename":"values-tr.json","lines":62,"blank":0,"code":62,"comment":0,"efficientComment":0},{"filePath":"/Users/xxhape/Desktop/work/code/cloud_gaming_android/TcrSdkDemo/VKtoolDemo/app/build/intermediates/merged_res_blame_folder/debug/out/multi-v2/values-tl.json","language":"JSON","Filename":"values-tl.json","lines":62,"blank":0,"code":62,"comment":0,"efficientComment":0},{"filePath":"/Users/xxhape/Desktop/work/code/cloud_gaming_android/TcrSdkDemo/VKtoolDemo/app/build/intermediates/merged_res_blame_folder/debug/out/multi-v2/values-v22.json","language":"JSON","Filename":"values-v22.json","lines":28,"blank":0,"code":28,"comment":0,"efficientComment":0},{"filePath":"/Users/xxhape/Desktop/work/code/cloud_gaming_android/TcrSdkDemo/VKtoolDemo/app/build/intermediates/merged_res_blame_folder/debug/out/multi-v2/values-v25.json","language":"JSON","Filename":"values-v25.json","lines":20,"blank":0,"code":20,"comment":0,"efficientComment":0},{"filePath":"/Users/xxhape/Desktop/work/code/cloud_gaming_android/TcrSdkDemo/VKtoolDemo/app/build/intermediates/merged_res_blame_folder/debug/out/multi-v2/values-v16.json","language":"JSON","Filename":"values-v16.json","lines":38,"blank":0,"code":38,"comment":0,"efficientComment":0},{"filePath":"/Users/xxhape/Desktop/work/code/cloud_gaming_android/TcrSdkDemo/VKtoolDemo/app/build/intermediates/merged_res_blame_folder/debug/out/multi-v2/values-v28.json","language":"JSON","Filename":"values-v28.json","lines":38,"blank":0,"code":38,"comment":0,"efficientComment":0},{"filePath":"/Users/xxhape/Desktop/work/code/cloud_gaming_android/TcrSdkDemo/VKtoolDemo/app/build/intermediates/merged_res_blame_folder/debug/out/multi-v2/values-uz.json","language":"JSON","Filename":"values-uz.json","lines":62,"blank":0,"code":62,"comment":0,"efficientComment":0},{"filePath":"/Users/xxhape/Desktop/work/code/cloud_gaming_android/TcrSdkDemo/VKtoolDemo/app/build/intermediates/merged_res_blame_folder/debug/out/multi-v2/values-v23.json","language":"JSON","Filename":"values-v23.json","lines":66,"blank":0,"code":66,"comment":0,"efficientComment":0},{"filePath":"/Users/xxhape/Desktop/work/code/cloud_gaming_android/TcrSdkDemo/VKtoolDemo/app/build/intermediates/merged_res_blame_folder/debug/out/multi-v2/values-w480dp-port-v13.json","language":"JSON","Filename":"values-w480dp-port-v13.json","lines":19,"blank":0,"code":19,"comment":0,"efficientComment":0},{"filePath":"/Users/xxhape/Desktop/work/code/cloud_gaming_android/TcrSdkDemo/VKtoolDemo/app/build/intermediates/merged_res_blame_folder/debug/out/multi-v2/values-v17.json","language":"JSON","Filename":"values-v17.json","lines":20,"blank":0,"code":20,"comment":0,"efficientComment":0},{"filePath":"/Users/xxhape/Desktop/work/code/cloud_gaming_android/TcrSdkDemo/VKtoolDemo/app/build/intermediates/merged_res_blame_folder/debug/out/multi-v2/values-v24.json","language":"JSON","Filename":"values-v24.json","lines":38,"blank":0,"code":38,"comment":0,"efficientComment":0},{"filePath":"/Users/xxhape/Desktop/work/code/cloud_gaming_android/TcrSdkDemo/VKtoolDemo/app/build/intermediates/merged_res_blame_folder/debug/out/multi-v2/values-v26.json","language":"JSON","Filename":"values-v26.json","lines":28,"blank":0,"code":28,"comment":0,"efficientComment":0},{"filePath":"/Users/xxhape/Desktop/work/code/cloud_gaming_android/TcrSdkDemo/VKtoolDemo/app/build/intermediates/merged_res_blame_folder/debug/out/multi-v2/values-v21.json","language":"JSON","Filename":"values-v21.json","lines":66,"blank":0,"code":66,"comment":0,"efficientComment":0},{"filePath":"/Users/xxhape/Desktop/work/code/cloud_gaming_android/TcrSdkDemo/VKtoolDemo/app/build/intermediates/merged_res_blame_folder/debug/out/multi-v2/values-xlarge-v4.json","language":"JSON","Filename":"values-xlarge-v4.json","lines":19,"blank":0,"code":19,"comment":0,"efficientComment":0},{"filePath":"/Users/xxhape/Desktop/work/code/cloud_gaming_android/TcrSdkDemo/VKtoolDemo/app/build/intermediates/merged_res_blame_folder/debug/out/multi-v2/values-w320dp-land-v13.json","language":"JSON","Filename":"values-w320dp-land-v13.json","lines":19,"blank":0,"code":19,"comment":0,"efficientComment":0},{"filePath":"/Users/xxhape/Desktop/work/code/cloud_gaming_android/TcrSdkDemo/VKtoolDemo/app/build/intermediates/merged_res_blame_folder/debug/out/multi-v2/values-w600dp-land-v13.json","language":"JSON","Filename":"values-w600dp-land-v13.json","lines":19,"blank":0,"code":19,"comment":0,"efficientComment":0},{"filePath":"/Users/xxhape/Desktop/work/code/cloud_gaming_android/TcrSdkDemo/VKtoolDemo/app/build/intermediates/merged_res_blame_folder/debug/out/multi-v2/values-zh-rCN.json","language":"JSON","Filename":"values-zh-rCN.json","lines":62,"blank":0,"code":62,"comment":0,"efficientComment":0},{"filePath":"/Users/xxhape/Desktop/work/code/cloud_gaming_android/TcrSdkDemo/VKtoolDemo/app/build/intermediates/merged_res_blame_folder/debug/out/multi-v2/values-zu.json","language":"JSON","Filename":"values-zu.json","lines":62,"blank":0,"code":62,"comment":0,"efficientComment":0},{"filePath":"/Users/xxhape/Desktop/work/code/cloud_gaming_android/TcrSdkDemo/VKtoolDemo/app/build/intermediates/merged_res_blame_folder/debug/out/multi-v2/values-v31.json","language":"JSON","Filename":"values-v31.json","lines":28,"blank":0,"code":28,"comment":0,"efficientComment":0},{"filePath":"/Users/xxhape/Desktop/work/code/cloud_gaming_android/TcrSdkDemo/VKtoolDemo/app/build/intermediates/merged_res_blame_folder/debug/out/multi-v2/values-vi.json","language":"JSON","Filename":"values-vi.json","lines":62,"blank":0,"code":62,"comment":0,"efficientComment":0},{"filePath":"/Users/xxhape/Desktop/work/code/cloud_gaming_android/TcrSdkDemo/VKtoolDemo/app/build/intermediates/merged_res_blame_folder/debug/out/multi-v2/values-w360dp-port-v13.json","language":"JSON","Filename":"values-w360dp-port-v13.json","lines":19,"blank":0,"code":19,"comment":0,"efficientComment":0},{"filePath":"/Users/xxhape/Desktop/work/code/cloud_gaming_android/TcrSdkDemo/VKtoolDemo/app/build/intermediates/merged_res_blame_folder/debug/out/multi-v2/values-watch-v20.json","language":"JSON","Filename":"values-watch-v20.json","lines":20,"blank":0,"code":20,"comment":0,"efficientComment":0},{"filePath":"/Users/xxhape/Desktop/work/code/cloud_gaming_android/TcrSdkDemo/VKtoolDemo/app/build/intermediates/merged_res_blame_folder/debug/out/multi-v2/values-v18.json","language":"JSON","Filename":"values-v18.json","lines":19,"blank":0,"code":19,"comment":0,"efficientComment":0},{"filePath":"/Users/xxhape/Desktop/work/code/cloud_gaming_android/TcrSdkDemo/VKtoolDemo/app/build/intermediates/merged_res_blame_folder/debug/out/multi-v2/values-zh-rHK.json","language":"JSON","Filename":"values-zh-rHK.json","lines":62,"blank":0,"code":62,"comment":0,"efficientComment":0},{"filePath":"/Users/xxhape/Desktop/work/code/cloud_gaming_android/TcrSdkDemo/VKtoolDemo/app/build/intermediates/merged_res_blame_folder/debug/out/multi-v2/values-zh-rTW.json","language":"JSON","Filename":"values-zh-rTW.json","lines":62,"blank":0,"code":62,"comment":0,"efficientComment":0},{"filePath":"/Users/xxhape/Desktop/work/code/cloud_gaming_android/TcrSdkDemo/VKtoolDemo/app/build/intermediates/merged_res_blame_folder/debug/out/multi-v2/values-watch-v21.json","language":"JSON","Filename":"values-watch-v21.json","lines":20,"blank":0,"code":20,"comment":0,"efficientComment":0},{"filePath":"/Users/xxhape/Desktop/work/code/cloud_gaming_android/TcrSdkDemo/VKtoolDemo/app/build/intermediates/merged_res_blame_folder/debug/out/multi-v2/values.json","language":"JSON","Filename":"values.json","lines":375,"blank":0,"code":375,"comment":0,"efficientComment":0},{"filePath":"/Users/xxhape/Desktop/work/code/cloud_gaming_android/TcrSdkDemo/VKtoolDemo/app/build/intermediates/compatible_screen_manifest/debug/output-metadata.json","language":"JSON","Filename":"output-metadata.json","lines":10,"blank":0,"code":10,"comment":0,"efficientComment":0},{"filePath":"/Users/xxhape/Desktop/work/code/cloud_gaming_android/TcrSdkDemo/VKtoolDemo/app/build/intermediates/merged_res_blame_folder/debug/out/multi-v2/debug.json","language":"JSON","Filename":"debug.json","lines":5954,"blank":0,"code":5954,"comment":0,"efficientComment":0},{"filePath":"/Users/xxhape/Desktop/work/code/cloud_gaming_android/TcrSdkDemo/VKtoolDemo/app/build/intermediates/apk_ide_redirect_file/debug/redirect.txt","language":"Plain Text","Filename":"redirect.txt","lines":2,"blank":0,"code":2,"comment":0,"efficientComment":0},{"filePath":"/Users/xxhape/Desktop/work/code/cloud_gaming_android/TcrSdkDemo/VKtoolDemo/app/build/intermediates/app_metadata/debug/app-metadata.properties","language":"Properties File","Filename":"app-metadata.properties","lines":2,"blank":0,"code":2,"comment":0,"efficientComment":0},{"filePath":"/Users/xxhape/Desktop/work/code/cloud_gaming_android/TcrSdkDemo/VKtoolDemo/app/build/intermediates/annotation_processor_list/debug/annotationProcessors.json","language":"JSON","Filename":"annotationProcessors.json","lines":1,"blank":0,"code":1,"comment":0,"efficientComment":0},{"filePath":"/Users/xxhape/Desktop/work/code/cloud_gaming_android/TcrSdkDemo/VKtoolDemo/app/build/intermediates/apk/debug/output-metadata.json","language":"JSON","Filename":"output-metadata.json","lines":20,"blank":0,"code":20,"comment":0,"efficientComment":0},{"filePath":"/Users/xxhape/Desktop/work/code/cloud_gaming_android/TcrSdkDemo/VKtoolDemo/app/build/intermediates/incremental/debug/mergeDebugResources/merged.dir/values-v26/values-v26.xml","language":"XML","Filename":"values-v26.xml","lines":18,"blank":2,"code":16,"comment":0,"efficientComment":0},{"filePath":"/Users/xxhape/Desktop/work/code/cloud_gaming_android/TcrSdkDemo/VKtoolDemo/app/build/intermediates/incremental/debug/mergeDebugResources/merged.dir/values-w320dp-land-v13/values-w320dp-land-v13.xml","language":"XML","Filename":"values-w320dp-land-v13.xml","lines":5,"blank":0,"code":5,"comment":0,"efficientComment":0},{"filePath":"/Users/xxhape/Desktop/work/code/cloud_gaming_android/TcrSdkDemo/VKtoolDemo/app/build/intermediates/incremental/debug/mergeDebugResources/merged.dir/values-v28/values-v28.xml","language":"XML","Filename":"values-v28.xml","lines":25,"blank":2,"code":23,"comment":0,"efficientComment":0},{"filePath":"/Users/xxhape/Desktop/work/code/cloud_gaming_android/TcrSdkDemo/VKtoolDemo/app/build/intermediates/incremental/debug/mergeDebugResources/merged.dir/values-xlarge-v4/values-xlarge-v4.xml","language":"XML","Filename":"values-xlarge-v4.xml","lines":9,"blank":0,"code":9,"comment":0,"efficientComment":0},{"filePath":"/Users/xxhape/Desktop/work/code/cloud_gaming_android/TcrSdkDemo/VKtoolDemo/app/build/intermediates/incremental/debug/mergeDebugResources/merged.dir/values-zh-rTW/values-zh-rTW.xml","language":"XML","Filename":"values-zh-rTW.xml","lines":90,"blank":0,"code":90,"comment":0,"efficientComment":0},{"filePath":"/Users/xxhape/Desktop/work/code/cloud_gaming_android/TcrSdkDemo/VKtoolDemo/app/build/intermediates/incremental/debug/mergeDebugResources/merged.dir/values-zu/values-zu.xml","language":"XML","Filename":"values-zu.xml","lines":90,"blank":0,"code":90,"comment":0,"efficientComment":0},{"filePath":"/Users/xxhape/Desktop/work/code/cloud_gaming_android/TcrSdkDemo/VKtoolDemo/app/build/intermediates/incremental/debug/mergeDebugResources/merged.dir/values-v25/values-v25.xml","language":"XML","Filename":"values-v25.xml","lines":9,"blank":0,"code":9,"comment":0,"efficientComment":0},{"filePath":"/Users/xxhape/Desktop/work/code/cloud_gaming_android/TcrSdkDemo/VKtoolDemo/app/build/intermediates/incremental/debug/mergeDebugResources/merged.dir/values-zh-rHK/values-zh-rHK.xml","language":"XML","Filename":"values-zh-rHK.xml","lines":90,"blank":0,"code":90,"comment":0,"efficientComment":0},{"filePath":"/Users/xxhape/Desktop/work/code/cloud_gaming_android/TcrSdkDemo/VKtoolDemo/app/build/intermediates/incremental/debug/mergeDebugResources/merged.dir/values-zh-rCN/values-zh-rCN.xml","language":"XML","Filename":"values-zh-rCN.xml","lines":90,"blank":0,"code":90,"comment":0,"efficientComment":0},{"filePath":"/Users/xxhape/Desktop/work/code/cloud_gaming_android/TcrSdkDemo/VKtoolDemo/app/build/intermediates/incremental/debug/mergeDebugResources/merged.dir/values-watch-v20/values-watch-v20.xml","language":"XML","Filename":"values-watch-v20.xml","lines":12,"blank":0,"code":12,"comment":0,"efficientComment":0},{"filePath":"/Users/xxhape/Desktop/work/code/cloud_gaming_android/TcrSdkDemo/VKtoolDemo/app/build/intermediates/incremental/debug/mergeDebugResources/merged.dir/values-watch-v21/values-watch-v21.xml","language":"XML","Filename":"values-watch-v21.xml","lines":15,"blank":0,"code":15,"comment":0,"efficientComment":0},{"filePath":"/Users/xxhape/Desktop/work/code/cloud_gaming_android/TcrSdkDemo/VKtoolDemo/app/build/intermediates/incremental/debug/mergeDebugResources/merged.dir/values-vi/values-vi.xml","language":"XML","Filename":"values-vi.xml","lines":90,"blank":0,"code":90,"comment":0,"efficientComment":0},{"filePath":"/Users/xxhape/Desktop/work/code/cloud_gaming_android/TcrSdkDemo/VKtoolDemo/app/build/intermediates/incremental/debug/mergeDebugResources/merged.dir/values-v22/values-v22.xml","language":"XML","Filename":"values-v22.xml","lines":15,"blank":2,"code":13,"comment":0,"efficientComment":0},{"filePath":"/Users/xxhape/Desktop/work/code/cloud_gaming_android/TcrSdkDemo/VKtoolDemo/app/build/intermediates/incremental/debug/mergeDebugResources/merged.dir/values-w360dp-port-v13/values-w360dp-port-v13.xml","language":"XML","Filename":"values-w360dp-port-v13.xml","lines":11,"blank":0,"code":11,"comment":0,"efficientComment":0},{"filePath":"/Users/xxhape/Desktop/work/code/cloud_gaming_android/TcrSdkDemo/VKtoolDemo/app/build/intermediates/incremental/debug/mergeDebugResources/merged.dir/values-v24/values-v24.xml","language":"XML","Filename":"values-v24.xml","lines":21,"blank":0,"code":21,"comment":0,"efficientComment":0},{"filePath":"/Users/xxhape/Desktop/work/code/cloud_gaming_android/TcrSdkDemo/VKtoolDemo/app/build/intermediates/incremental/debug/mergeDebugResources/merged.dir/values-w480dp-port-v13/values-w480dp-port-v13.xml","language":"XML","Filename":"values-w480dp-port-v13.xml","lines":11,"blank":0,"code":11,"comment":0,"efficientComment":0},{"filePath":"/Users/xxhape/Desktop/work/code/cloud_gaming_android/TcrSdkDemo/VKtoolDemo/app/build/intermediates/incremental/debug/mergeDebugResources/merged.dir/values-w600dp-land-v13/values-w600dp-land-v13.xml","language":"XML","Filename":"values-w600dp-land-v13.xml","lines":4,"blank":0,"code":4,"comment":0,"efficientComment":0},{"filePath":"/Users/xxhape/Desktop/work/code/cloud_gaming_android/TcrSdkDemo/VKtoolDemo/app/build/intermediates/incremental/debug/mergeDebugResources/merged.dir/values-v17/values-v17.xml","language":"XML","Filename":"values-v17.xml","lines":62,"blank":0,"code":62,"comment":0,"efficientComment":0},{"filePath":"/Users/xxhape/Desktop/work/code/cloud_gaming_android/TcrSdkDemo/VKtoolDemo/app/build/intermediates/incremental/debug/mergeDebugResources/merged.dir/values-v18/values-v18.xml","language":"XML","Filename":"values-v18.xml","lines":4,"blank":0,"code":4,"comment":0,"efficientComment":0},{"filePath":"/Users/xxhape/Desktop/work/code/cloud_gaming_android/TcrSdkDemo/VKtoolDemo/app/build/intermediates/incremental/debug/mergeDebugResources/merged.dir/values-v31/values-v31.xml","language":"XML","Filename":"values-v31.xml","lines":353,"blank":12,"code":341,"comment":0,"efficientComment":0},{"filePath":"/Users/xxhape/Desktop/work/code/cloud_gaming_android/TcrSdkDemo/VKtoolDemo/app/build/intermediates/incremental/debug/mergeDebugResources/merged.dir/values-v23/values-v23.xml","language":"XML","Filename":"values-v23.xml","lines":94,"blank":10,"code":84,"comment":0,"efficientComment":0},{"filePath":"/Users/xxhape/Desktop/work/code/cloud_gaming_android/TcrSdkDemo/VKtoolDemo/app/build/intermediates/incremental/debug/mergeDebugResources/merged.dir/values-v16/values-v16.xml","language":"XML","Filename":"values-v16.xml","lines":8,"blank":0,"code":8,"comment":0,"efficientComment":0},{"filePath":"/Users/xxhape/Desktop/work/code/cloud_gaming_android/TcrSdkDemo/VKtoolDemo/app/build/intermediates/incremental/debug/mergeDebugResources/merged.dir/values-ur/values-ur.xml","language":"XML","Filename":"values-ur.xml","lines":90,"blank":0,"code":90,"comment":0,"efficientComment":0},{"filePath":"/Users/xxhape/Desktop/work/code/cloud_gaming_android/TcrSdkDemo/VKtoolDemo/app/build/intermediates/incremental/debug/mergeDebugResources/merged.dir/values-uk/values-uk.xml","language":"XML","Filename":"values-uk.xml","lines":92,"blank":0,"code":92,"comment":0,"efficientComment":0},{"filePath":"/Users/xxhape/Desktop/work/code/cloud_gaming_android/TcrSdkDemo/VKtoolDemo/app/build/intermediates/incremental/debug/mergeDebugResources/merged.dir/values-tr/values-tr.xml","language":"XML","Filename":"values-tr.xml","lines":90,"blank":0,"code":90,"comment":0,"efficientComment":0},{"filePath":"/Users/xxhape/Desktop/work/code/cloud_gaming_android/TcrSdkDemo/VKtoolDemo/app/build/intermediates/incremental/debug/mergeDebugResources/merged.dir/values-v21/values-v21.xml","language":"XML","Filename":"values-v21.xml","lines":567,"blank":31,"code":536,"comment":0,"efficientComment":0},{"filePath":"/Users/xxhape/Desktop/work/code/cloud_gaming_android/TcrSdkDemo/VKtoolDemo/app/build/intermediates/incremental/debug/mergeDebugResources/merged.dir/values-uz/values-uz.xml","language":"XML","Filename":"values-uz.xml","lines":90,"blank":0,"code":90,"comment":0,"efficientComment":0},{"filePath":"/Users/xxhape/Desktop/work/code/cloud_gaming_android/TcrSdkDemo/VKtoolDemo/app/build/intermediates/incremental/debug/mergeDebugResources/merged.dir/values-th/values-th.xml","language":"XML","Filename":"values-th.xml","lines":90,"blank":0,"code":90,"comment":0,"efficientComment":0},{"filePath":"/Users/xxhape/Desktop/work/code/cloud_gaming_android/TcrSdkDemo/VKtoolDemo/app/build/intermediates/incremental/debug/mergeDebugResources/merged.dir/values-tl/values-tl.xml","language":"XML","Filename":"values-tl.xml","lines":90,"blank":0,"code":90,"comment":0,"efficientComment":0},{"filePath":"/Users/xxhape/Desktop/work/code/cloud_gaming_android/TcrSdkDemo/VKtoolDemo/app/build/intermediates/incremental/debug/mergeDebugResources/merged.dir/values-te/values-te.xml","language":"XML","Filename":"values-te.xml","lines":90,"blank":0,"code":90,"comment":0,"efficientComment":0},{"filePath":"/Users/xxhape/Desktop/work/code/cloud_gaming_android/TcrSdkDemo/VKtoolDemo/app/build/intermediates/incremental/debug/mergeDebugResources/merged.dir/values-ta/values-ta.xml","language":"XML","Filename":"values-ta.xml","lines":90,"blank":0,"code":90,"comment":0,"efficientComment":0},{"filePath":"/Users/xxhape/Desktop/work/code/cloud_gaming_android/TcrSdkDemo/VKtoolDemo/app/build/intermediates/incremental/debug/mergeDebugResources/merged.dir/values-sw600dp-v13/values-sw600dp-v13.xml","language":"XML","Filename":"values-sw600dp-v13.xml","lines":27,"blank":0,"code":27,"comment":0,"efficientComment":0},{"filePath":"/Users/xxhape/Desktop/work/code/cloud_gaming_android/TcrSdkDemo/VKtoolDemo/app/build/intermediates/incremental/debug/mergeDebugResources/merged.dir/values-sw/values-sw.xml","language":"XML","Filename":"values-sw.xml","lines":90,"blank":0,"code":90,"comment":0,"efficientComment":0},{"filePath":"/Users/xxhape/Desktop/work/code/cloud_gaming_android/TcrSdkDemo/VKtoolDemo/app/build/intermediates/incremental/debug/mergeDebugResources/merged.dir/values-sq/values-sq.xml","language":"XML","Filename":"values-sq.xml","lines":90,"blank":0,"code":90,"comment":0,"efficientComment":0},{"filePath":"/Users/xxhape/Desktop/work/code/cloud_gaming_android/TcrSdkDemo/VKtoolDemo/app/build/intermediates/incremental/debug/mergeDebugResources/merged.dir/values-small-v4/values-small-v4.xml","language":"XML","Filename":"values-small-v4.xml","lines":7,"blank":0,"code":7,"comment":0,"efficientComment":0},{"filePath":"/Users/xxhape/Desktop/work/code/cloud_gaming_android/TcrSdkDemo/VKtoolDemo/app/build/intermediates/incremental/debug/mergeDebugResources/merged.dir/values-sr/values-sr.xml","language":"XML","Filename":"values-sr.xml","lines":91,"blank":0,"code":91,"comment":0,"efficientComment":0},{"filePath":"/Users/xxhape/Desktop/work/code/cloud_gaming_android/TcrSdkDemo/VKtoolDemo/app/build/intermediates/incremental/debug/mergeDebugResources/merged.dir/values-sv/values-sv.xml","language":"XML","Filename":"values-sv.xml","lines":90,"blank":0,"code":90,"comment":0,"efficientComment":0},{"filePath":"/Users/xxhape/Desktop/work/code/cloud_gaming_android/TcrSdkDemo/VKtoolDemo/app/build/intermediates/incremental/debug/mergeDebugResources/merged.dir/values-si/values-si.xml","language":"XML","Filename":"values-si.xml","lines":90,"blank":0,"code":90,"comment":0,"efficientComment":0},{"filePath":"/Users/xxhape/Desktop/work/code/cloud_gaming_android/TcrSdkDemo/VKtoolDemo/app/build/intermediates/incremental/debug/mergeDebugResources/merged.dir/values-ru/values-ru.xml","language":"XML","Filename":"values-ru.xml","lines":92,"blank":0,"code":92,"comment":0,"efficientComment":0},{"filePath":"/Users/xxhape/Desktop/work/code/cloud_gaming_android/TcrSdkDemo/VKtoolDemo/app/build/intermediates/incremental/debug/mergeDebugResources/merged.dir/values-sl/values-sl.xml","language":"XML","Filename":"values-sl.xml","lines":92,"blank":0,"code":92,"comment":0,"efficientComment":0},{"filePath":"/Users/xxhape/Desktop/work/code/cloud_gaming_android/TcrSdkDemo/VKtoolDemo/app/build/intermediates/incremental/debug/mergeDebugResources/merged.dir/values-sk/values-sk.xml","language":"XML","Filename":"values-sk.xml","lines":92,"blank":0,"code":92,"comment":0,"efficientComment":0},{"filePath":"/Users/xxhape/Desktop/work/code/cloud_gaming_android/TcrSdkDemo/VKtoolDemo/app/build/intermediates/incremental/debug/mergeDebugResources/merged.dir/values-pt-rPT/values-pt-rPT.xml","language":"XML","Filename":"values-pt-rPT.xml","lines":90,"blank":0,"code":90,"comment":0,"efficientComment":0},{"filePath":"/Users/xxhape/Desktop/work/code/cloud_gaming_android/TcrSdkDemo/VKtoolDemo/app/build/intermediates/incremental/debug/mergeDebugResources/merged.dir/values-port/values-port.xml","language":"XML","Filename":"values-port.xml","lines":4,"blank":0,"code":4,"comment":0,"efficientComment":0},{"filePath":"/Users/xxhape/Desktop/work/code/cloud_gaming_android/TcrSdkDemo/VKtoolDemo/app/build/intermediates/incremental/debug/mergeDebugResources/merged.dir/values-pt-rBR/values-pt-rBR.xml","language":"XML","Filename":"values-pt-rBR.xml","lines":90,"blank":0,"code":90,"comment":0,"efficientComment":0},{"filePath":"/Users/xxhape/Desktop/work/code/cloud_gaming_android/TcrSdkDemo/VKtoolDemo/app/build/intermediates/incremental/debug/mergeDebugResources/merged.dir/values-pl/values-pl.xml","language":"XML","Filename":"values-pl.xml","lines":92,"blank":0,"code":92,"comment":0,"efficientComment":0},{"filePath":"/Users/xxhape/Desktop/work/code/cloud_gaming_android/TcrSdkDemo/VKtoolDemo/app/build/intermediates/incremental/debug/mergeDebugResources/merged.dir/values-pt/values-pt.xml","language":"XML","Filename":"values-pt.xml","lines":32,"blank":0,"code":32,"comment":0,"efficientComment":0},{"filePath":"/Users/xxhape/Desktop/work/code/cloud_gaming_android/TcrSdkDemo/VKtoolDemo/app/build/intermediates/incremental/debug/mergeDebugResources/merged.dir/values-ro/values-ro.xml","language":"XML","Filename":"values-ro.xml","lines":91,"blank":0,"code":91,"comment":0,"efficientComment":0},{"filePath":"/Users/xxhape/Desktop/work/code/cloud_gaming_android/TcrSdkDemo/VKtoolDemo/app/build/intermediates/incremental/debug/mergeDebugResources/merged.dir/values-or/values-or.xml","language":"XML","Filename":"values-or.xml","lines":90,"blank":0,"code":90,"comment":0,"efficientComment":0},{"filePath":"/Users/xxhape/Desktop/work/code/cloud_gaming_android/TcrSdkDemo/VKtoolDemo/app/build/intermediates/incremental/debug/mergeDebugResources/merged.dir/values-ne/values-ne.xml","language":"XML","Filename":"values-ne.xml","lines":90,"blank":0,"code":90,"comment":0,"efficientComment":0},{"filePath":"/Users/xxhape/Desktop/work/code/cloud_gaming_android/TcrSdkDemo/VKtoolDemo/app/build/intermediates/incremental/debug/mergeDebugResources/merged.dir/values-nl/values-nl.xml","language":"XML","Filename":"values-nl.xml","lines":90,"blank":0,"code":90,"comment":0,"efficientComment":0},{"filePath":"/Users/xxhape/Desktop/work/code/cloud_gaming_android/TcrSdkDemo/VKtoolDemo/app/build/intermediates/incremental/debug/mergeDebugResources/merged.dir/values-night-v8/values-night-v8.xml","language":"XML","Filename":"values-night-v8.xml","lines":56,"blank":4,"code":52,"comment":0,"efficientComment":0},{"filePath":"/Users/xxhape/Desktop/work/code/cloud_gaming_android/TcrSdkDemo/VKtoolDemo/app/build/intermediates/incremental/debug/mergeDebugResources/merged.dir/values-pa/values-pa.xml","language":"XML","Filename":"values-pa.xml","lines":90,"blank":0,"code":90,"comment":0,"efficientComment":0},{"filePath":"/Users/xxhape/Desktop/work/code/cloud_gaming_android/TcrSdkDemo/VKtoolDemo/app/build/intermediates/incremental/debug/mergeDebugResources/merged.dir/values-my/values-my.xml","language":"XML","Filename":"values-my.xml","lines":90,"blank":0,"code":90,"comment":0,"efficientComment":0},{"filePath":"/Users/xxhape/Desktop/work/code/cloud_gaming_android/TcrSdkDemo/VKtoolDemo/app/build/intermediates/incremental/debug/mergeDebugResources/merged.dir/values-mn/values-mn.xml","language":"XML","Filename":"values-mn.xml","lines":90,"blank":0,"code":90,"comment":0,"efficientComment":0},{"filePath":"/Users/xxhape/Desktop/work/code/cloud_gaming_android/TcrSdkDemo/VKtoolDemo/app/build/intermediates/incremental/debug/mergeDebugResources/merged.dir/values-ml/values-ml.xml","language":"XML","Filename":"values-ml.xml","lines":90,"blank":0,"code":90,"comment":0,"efficientComment":0},{"filePath":"/Users/xxhape/Desktop/work/code/cloud_gaming_android/TcrSdkDemo/VKtoolDemo/app/build/intermediates/incremental/debug/mergeDebugResources/merged.dir/values-ms/values-ms.xml","language":"XML","Filename":"values-ms.xml","lines":90,"blank":0,"code":90,"comment":0,"efficientComment":0},{"filePath":"/Users/xxhape/Desktop/work/code/cloud_gaming_android/TcrSdkDemo/VKtoolDemo/app/build/intermediates/incremental/debug/mergeDebugResources/merged.dir/values-nb/values-nb.xml","language":"XML","Filename":"values-nb.xml","lines":90,"blank":0,"code":90,"comment":0,"efficientComment":0},{"filePath":"/Users/xxhape/Desktop/work/code/cloud_gaming_android/TcrSdkDemo/VKtoolDemo/app/build/intermediates/incremental/debug/mergeDebugResources/merged.dir/values-lv/values-lv.xml","language":"XML","Filename":"values-lv.xml","lines":91,"blank":0,"code":91,"comment":0,"efficientComment":0},{"filePath":"/Users/xxhape/Desktop/work/code/cloud_gaming_android/TcrSdkDemo/VKtoolDemo/app/build/intermediates/incremental/debug/mergeDebugResources/merged.dir/values-lt/values-lt.xml","language":"XML","Filename":"values-lt.xml","lines":92,"blank":0,"code":92,"comment":0,"efficientComment":0},{"filePath":"/Users/xxhape/Desktop/work/code/cloud_gaming_android/TcrSdkDemo/VKtoolDemo/app/build/intermediates/incremental/debug/mergeDebugResources/merged.dir/values-lo/values-lo.xml","language":"XML","Filename":"values-lo.xml","lines":90,"blank":0,"code":90,"comment":0,"efficientComment":0},{"filePath":"/Users/xxhape/Desktop/work/code/cloud_gaming_android/TcrSdkDemo/VKtoolDemo/app/build/intermediates/incremental/debug/mergeDebugResources/merged.dir/values-ldrtl-v17/values-ldrtl-v17.xml","language":"XML","Filename":"values-ldrtl-v17.xml","lines":5,"blank":0,"code":5,"comment":0,"efficientComment":0},{"filePath":"/Users/xxhape/Desktop/work/code/cloud_gaming_android/TcrSdkDemo/VKtoolDemo/app/build/intermediates/incremental/debug/mergeDebugResources/merged.dir/values-mr/values-mr.xml","language":"XML","Filename":"values-mr.xml","lines":90,"blank":0,"code":90,"comment":0,"efficientComment":0},{"filePath":"/Users/xxhape/Desktop/work/code/cloud_gaming_android/TcrSdkDemo/VKtoolDemo/app/build/intermediates/incremental/debug/mergeDebugResources/merged.dir/values-land/values-land.xml","language":"XML","Filename":"values-land.xml","lines":44,"blank":0,"code":44,"comment":0,"efficientComment":0},{"filePath":"/Users/xxhape/Desktop/work/code/cloud_gaming_android/TcrSdkDemo/VKtoolDemo/app/build/intermediates/incremental/debug/mergeDebugResources/merged.dir/values-large-v4/values-large-v4.xml","language":"XML","Filename":"values-large-v4.xml","lines":26,"blank":0,"code":26,"comment":0,"efficientComment":0},{"filePath":"/Users/xxhape/Desktop/work/code/cloud_gaming_android/TcrSdkDemo/VKtoolDemo/app/build/intermediates/incremental/debug/mergeDebugResources/merged.dir/values-ldltr-v21/values-ldltr-v21.xml","language":"XML","Filename":"values-ldltr-v21.xml","lines":4,"blank":0,"code":4,"comment":0,"efficientComment":0},{"filePath":"/Users/xxhape/Desktop/work/code/cloud_gaming_android/TcrSdkDemo/VKtoolDemo/app/build/intermediates/incremental/debug/mergeDebugResources/merged.dir/values-ko/values-ko.xml","language":"XML","Filename":"values-ko.xml","lines":90,"blank":0,"code":90,"comment":0,"efficientComment":0},{"filePath":"/Users/xxhape/Desktop/work/code/cloud_gaming_android/TcrSdkDemo/VKtoolDemo/app/build/intermediates/incremental/debug/mergeDebugResources/merged.dir/values-ky/values-ky.xml","language":"XML","Filename":"values-ky.xml","lines":90,"blank":0,"code":90,"comment":0,"efficientComment":0},{"filePath":"/Users/xxhape/Desktop/work/code/cloud_gaming_android/TcrSdkDemo/VKtoolDemo/app/build/intermediates/incremental/debug/mergeDebugResources/merged.dir/values-mk/values-mk.xml","language":"XML","Filename":"values-mk.xml","lines":90,"blank":0,"code":90,"comment":0,"efficientComment":0},{"filePath":"/Users/xxhape/Desktop/work/code/cloud_gaming_android/TcrSdkDemo/VKtoolDemo/app/build/intermediates/incremental/debug/mergeDebugResources/merged.dir/values-ka/values-ka.xml","language":"XML","Filename":"values-ka.xml","lines":90,"blank":0,"code":90,"comment":0,"efficientComment":0},{"filePath":"/Users/xxhape/Desktop/work/code/cloud_gaming_android/TcrSdkDemo/VKtoolDemo/app/build/intermediates/incremental/debug/mergeDebugResources/merged.dir/values-iw/values-iw.xml","language":"XML","Filename":"values-iw.xml","lines":92,"blank":0,"code":92,"comment":0,"efficientComment":0},{"filePath":"/Users/xxhape/Desktop/work/code/cloud_gaming_android/TcrSdkDemo/VKtoolDemo/app/build/intermediates/incremental/debug/mergeDebugResources/merged.dir/values-kk/values-kk.xml","language":"XML","Filename":"values-kk.xml","lines":90,"blank":0,"code":90,"comment":0,"efficientComment":0},{"filePath":"/Users/xxhape/Desktop/work/code/cloud_gaming_android/TcrSdkDemo/VKtoolDemo/app/build/intermediates/incremental/debug/mergeDebugResources/merged.dir/values-it/values-it.xml","language":"XML","Filename":"values-it.xml","lines":90,"blank":0,"code":90,"comment":0,"efficientComment":0},{"filePath":"/Users/xxhape/Desktop/work/code/cloud_gaming_android/TcrSdkDemo/VKtoolDemo/app/build/intermediates/incremental/debug/mergeDebugResources/merged.dir/values-ja/values-ja.xml","language":"XML","Filename":"values-ja.xml","lines":90,"blank":0,"code":90,"comment":0,"efficientComment":0},{"filePath":"/Users/xxhape/Desktop/work/code/cloud_gaming_android/TcrSdkDemo/VKtoolDemo/app/build/intermediates/incremental/debug/mergeDebugResources/merged.dir/values-km/values-km.xml","language":"XML","Filename":"values-km.xml","lines":90,"blank":0,"code":90,"comment":0,"efficientComment":0},{"filePath":"/Users/xxhape/Desktop/work/code/cloud_gaming_android/TcrSdkDemo/VKtoolDemo/app/build/intermediates/incremental/debug/mergeDebugResources/merged.dir/values-in/values-in.xml","language":"XML","Filename":"values-in.xml","lines":90,"blank":0,"code":90,"comment":0,"efficientComment":0},{"filePath":"/Users/xxhape/Desktop/work/code/cloud_gaming_android/TcrSdkDemo/VKtoolDemo/app/build/intermediates/incremental/debug/mergeDebugResources/merged.dir/values-kn/values-kn.xml","language":"XML","Filename":"values-kn.xml","lines":90,"blank":0,"code":90,"comment":0,"efficientComment":0},{"filePath":"/Users/xxhape/Desktop/work/code/cloud_gaming_android/TcrSdkDemo/VKtoolDemo/app/build/intermediates/incremental/debug/mergeDebugResources/merged.dir/values-hr/values-hr.xml","language":"XML","Filename":"values-hr.xml","lines":91,"blank":0,"code":91,"comment":0,"efficientComment":0},{"filePath":"/Users/xxhape/Desktop/work/code/cloud_gaming_android/TcrSdkDemo/VKtoolDemo/app/build/intermediates/incremental/debug/mergeDebugResources/merged.dir/values-hu/values-hu.xml","language":"XML","Filename":"values-hu.xml","lines":90,"blank":0,"code":90,"comment":0,"efficientComment":0},{"filePath":"/Users/xxhape/Desktop/work/code/cloud_gaming_android/TcrSdkDemo/VKtoolDemo/app/build/intermediates/incremental/debug/mergeDebugResources/merged.dir/values-hy/values-hy.xml","language":"XML","Filename":"values-hy.xml","lines":90,"blank":0,"code":90,"comment":0,"efficientComment":0},{"filePath":"/Users/xxhape/Desktop/work/code/cloud_gaming_android/TcrSdkDemo/VKtoolDemo/app/build/intermediates/incremental/debug/mergeDebugResources/merged.dir/values-hi/values-hi.xml","language":"XML","Filename":"values-hi.xml","lines":90,"blank":0,"code":90,"comment":0,"efficientComment":0},{"filePath":"/Users/xxhape/Desktop/work/code/cloud_gaming_android/TcrSdkDemo/VKtoolDemo/app/build/intermediates/incremental/debug/mergeDebugResources/merged.dir/values-h550dp-port-v13/values-h550dp-port-v13.xml","language":"XML","Filename":"values-h550dp-port-v13.xml","lines":4,"blank":0,"code":4,"comment":0,"efficientComment":0},{"filePath":"/Users/xxhape/Desktop/work/code/cloud_gaming_android/TcrSdkDemo/VKtoolDemo/app/build/intermediates/incremental/debug/mergeDebugResources/merged.dir/values-is/values-is.xml","language":"XML","Filename":"values-is.xml","lines":90,"blank":0,"code":90,"comment":0,"efficientComment":0},{"filePath":"/Users/xxhape/Desktop/work/code/cloud_gaming_android/TcrSdkDemo/VKtoolDemo/app/build/intermediates/incremental/debug/mergeDebugResources/merged.dir/values-h720dp-v13/values-h720dp-v13.xml","language":"XML","Filename":"values-h720dp-v13.xml","lines":4,"blank":0,"code":4,"comment":0,"efficientComment":0},{"filePath":"/Users/xxhape/Desktop/work/code/cloud_gaming_android/TcrSdkDemo/VKtoolDemo/app/build/intermediates/incremental/debug/mergeDebugResources/merged.dir/values-hdpi-v4/values-hdpi-v4.xml","language":"XML","Filename":"values-hdpi-v4.xml","lines":8,"blank":0,"code":8,"comment":0,"efficientComment":0},{"filePath":"/Users/xxhape/Desktop/work/code/cloud_gaming_android/TcrSdkDemo/VKtoolDemo/app/build/intermediates/incremental/debug/mergeDebugResources/merged.dir/values-h480dp-land-v13/values-h480dp-land-v13.xml","language":"XML","Filename":"values-h480dp-land-v13.xml","lines":12,"blank":0,"code":12,"comment":0,"efficientComment":0},{"filePath":"/Users/xxhape/Desktop/work/code/cloud_gaming_android/TcrSdkDemo/VKtoolDemo/app/build/intermediates/incremental/debug/mergeDebugResources/merged.dir/values-h360dp-land-v13/values-h360dp-land-v13.xml","language":"XML","Filename":"values-h360dp-land-v13.xml","lines":12,"blank":0,"code":12,"comment":0,"efficientComment":0},{"filePath":"/Users/xxhape/Desktop/work/code/cloud_gaming_android/TcrSdkDemo/VKtoolDemo/app/build/intermediates/incremental/debug/mergeDebugResources/merged.dir/values-gl/values-gl.xml","language":"XML","Filename":"values-gl.xml","lines":90,"blank":0,"code":90,"comment":0,"efficientComment":0},{"filePath":"/Users/xxhape/Desktop/work/code/cloud_gaming_android/TcrSdkDemo/VKtoolDemo/app/build/intermediates/incremental/debug/mergeDebugResources/merged.dir/values-fr/values-fr.xml","language":"XML","Filename":"values-fr.xml","lines":90,"blank":0,"code":90,"comment":0,"efficientComment":0},{"filePath":"/Users/xxhape/Desktop/work/code/cloud_gaming_android/TcrSdkDemo/VKtoolDemo/app/build/intermediates/incremental/debug/mergeDebugResources/merged.dir/values-h320dp-port-v13/values-h320dp-port-v13.xml","language":"XML","Filename":"values-h320dp-port-v13.xml","lines":4,"blank":0,"code":4,"comment":0,"efficientComment":0},{"filePath":"/Users/xxhape/Desktop/work/code/cloud_gaming_android/TcrSdkDemo/VKtoolDemo/app/build/intermediates/incremental/debug/mergeDebugResources/merged.dir/values-gu/values-gu.xml","language":"XML","Filename":"values-gu.xml","lines":90,"blank":0,"code":90,"comment":0,"efficientComment":0},{"filePath":"/Users/xxhape/Desktop/work/code/cloud_gaming_android/TcrSdkDemo/VKtoolDemo/app/build/intermediates/incremental/debug/mergeDebugResources/merged.dir/values-eu/values-eu.xml","language":"XML","Filename":"values-eu.xml","lines":90,"blank":0,"code":90,"comment":0,"efficientComment":0},{"filePath":"/Users/xxhape/Desktop/work/code/cloud_gaming_android/TcrSdkDemo/VKtoolDemo/app/build/intermediates/incremental/debug/mergeDebugResources/merged.dir/values-et/values-et.xml","language":"XML","Filename":"values-et.xml","lines":90,"blank":0,"code":90,"comment":0,"efficientComment":0},{"filePath":"/Users/xxhape/Desktop/work/code/cloud_gaming_android/TcrSdkDemo/VKtoolDemo/app/build/intermediates/incremental/debug/mergeDebugResources/merged.dir/values-fa/values-fa.xml","language":"XML","Filename":"values-fa.xml","lines":90,"blank":0,"code":90,"comment":0,"efficientComment":0},{"filePath":"/Users/xxhape/Desktop/work/code/cloud_gaming_android/TcrSdkDemo/VKtoolDemo/app/build/intermediates/incremental/debug/mergeDebugResources/merged.dir/values-fi/values-fi.xml","language":"XML","Filename":"values-fi.xml","lines":90,"blank":0,"code":90,"comment":0,"efficientComment":0},{"filePath":"/Users/xxhape/Desktop/work/code/cloud_gaming_android/TcrSdkDemo/VKtoolDemo/app/build/intermediates/incremental/debug/mergeDebugResources/merged.dir/values-fr-rCA/values-fr-rCA.xml","language":"XML","Filename":"values-fr-rCA.xml","lines":90,"blank":0,"code":90,"comment":0,"efficientComment":0},{"filePath":"/Users/xxhape/Desktop/work/code/cloud_gaming_android/TcrSdkDemo/VKtoolDemo/app/build/intermediates/incremental/debug/mergeDebugResources/merged.dir/values-en-rIN/values-en-rIN.xml","language":"XML","Filename":"values-en-rIN.xml","lines":32,"blank":0,"code":32,"comment":0,"efficientComment":0},{"filePath":"/Users/xxhape/Desktop/work/code/cloud_gaming_android/TcrSdkDemo/VKtoolDemo/app/build/intermediates/incremental/debug/mergeDebugResources/merged.dir/values-en-rGB/values-en-rGB.xml","language":"XML","Filename":"values-en-rGB.xml","lines":90,"blank":0,"code":90,"comment":0,"efficientComment":0},{"filePath":"/Users/xxhape/Desktop/work/code/cloud_gaming_android/TcrSdkDemo/VKtoolDemo/app/build/intermediates/incremental/debug/mergeDebugResources/merged.dir/values-es-rUS/values-es-rUS.xml","language":"XML","Filename":"values-es-rUS.xml","lines":90,"blank":0,"code":90,"comment":0,"efficientComment":0},{"filePath":"/Users/xxhape/Desktop/work/code/cloud_gaming_android/TcrSdkDemo/VKtoolDemo/app/build/intermediates/incremental/debug/mergeDebugResources/merged.dir/values-en-rXC/values-en-rXC.xml","language":"XML","Filename":"values-en-rXC.xml","lines":32,"blank":0,"code":32,"comment":0,"efficientComment":0},{"filePath":"/Users/xxhape/Desktop/work/code/cloud_gaming_android/TcrSdkDemo/VKtoolDemo/app/build/intermediates/incremental/debug/mergeDebugResources/merged.dir/values-en-rAU/values-en-rAU.xml","language":"XML","Filename":"values-en-rAU.xml","lines":32,"blank":0,"code":32,"comment":0,"efficientComment":0},{"filePath":"/Users/xxhape/Desktop/work/code/cloud_gaming_android/TcrSdkDemo/VKtoolDemo/app/build/intermediates/incremental/debug/mergeDebugResources/merged.dir/values-es/values-es.xml","language":"XML","Filename":"values-es.xml","lines":90,"blank":0,"code":90,"comment":0,"efficientComment":0},{"filePath":"/Users/xxhape/Desktop/work/code/cloud_gaming_android/TcrSdkDemo/VKtoolDemo/app/build/intermediates/incremental/debug/mergeDebugResources/merged.dir/values-de/values-de.xml","language":"XML","Filename":"values-de.xml","lines":90,"blank":0,"code":90,"comment":0,"efficientComment":0},{"filePath":"/Users/xxhape/Desktop/work/code/cloud_gaming_android/TcrSdkDemo/VKtoolDemo/app/build/intermediates/incremental/debug/mergeDebugResources/merged.dir/values-el/values-el.xml","language":"XML","Filename":"values-el.xml","lines":90,"blank":0,"code":90,"comment":0,"efficientComment":0},{"filePath":"/Users/xxhape/Desktop/work/code/cloud_gaming_android/TcrSdkDemo/VKtoolDemo/app/build/intermediates/incremental/debug/mergeDebugResources/merged.dir/values-cs/values-cs.xml","language":"XML","Filename":"values-cs.xml","lines":92,"blank":0,"code":92,"comment":0,"efficientComment":0},{"filePath":"/Users/xxhape/Desktop/work/code/cloud_gaming_android/TcrSdkDemo/VKtoolDemo/app/build/intermediates/incremental/debug/mergeDebugResources/merged.dir/values-en-rCA/values-en-rCA.xml","language":"XML","Filename":"values-en-rCA.xml","lines":32,"blank":0,"code":32,"comment":0,"efficientComment":0},{"filePath":"/Users/xxhape/Desktop/work/code/cloud_gaming_android/TcrSdkDemo/VKtoolDemo/app/build/intermediates/incremental/debug/mergeDebugResources/merged.dir/values-bs/values-bs.xml","language":"XML","Filename":"values-bs.xml","lines":91,"blank":0,"code":91,"comment":0,"efficientComment":0},{"filePath":"/Users/xxhape/Desktop/work/code/cloud_gaming_android/TcrSdkDemo/VKtoolDemo/app/build/intermediates/incremental/debug/mergeDebugResources/merged.dir/values-bg/values-bg.xml","language":"XML","Filename":"values-bg.xml","lines":90,"blank":0,"code":90,"comment":0,"efficientComment":0},{"filePath":"/Users/xxhape/Desktop/work/code/cloud_gaming_android/TcrSdkDemo/VKtoolDemo/app/build/intermediates/incremental/debug/mergeDebugResources/merged.dir/values-ca/values-ca.xml","language":"XML","Filename":"values-ca.xml","lines":90,"blank":0,"code":90,"comment":0,"efficientComment":0},{"filePath":"/Users/xxhape/Desktop/work/code/cloud_gaming_android/TcrSdkDemo/VKtoolDemo/app/build/intermediates/incremental/debug/mergeDebugResources/merged.dir/values-bn/values-bn.xml","language":"XML","Filename":"values-bn.xml","lines":90,"blank":0,"code":90,"comment":0,"efficientComment":0},{"filePath":"/Users/xxhape/Desktop/work/code/cloud_gaming_android/TcrSdkDemo/VKtoolDemo/app/build/intermediates/incremental/debug/mergeDebugResources/merged.dir/values-da/values-da.xml","language":"XML","Filename":"values-da.xml","lines":90,"blank":0,"code":90,"comment":0,"efficientComment":0},{"filePath":"/Users/xxhape/Desktop/work/code/cloud_gaming_android/TcrSdkDemo/VKtoolDemo/app/build/intermediates/incremental/debug/mergeDebugResources/merged.dir/values-az/values-az.xml","language":"XML","Filename":"values-az.xml","lines":90,"blank":0,"code":90,"comment":0,"efficientComment":0},{"filePath":"/Users/xxhape/Desktop/work/code/cloud_gaming_android/TcrSdkDemo/VKtoolDemo/app/build/intermediates/incremental/debug/mergeDebugResources/merged.dir/values-b+sr+Latn/values-b+sr+Latn.xml","language":"XML","Filename":"values-b+sr+Latn.xml","lines":91,"blank":0,"code":91,"comment":0,"efficientComment":0},{"filePath":"/Users/xxhape/Desktop/work/code/cloud_gaming_android/TcrSdkDemo/VKtoolDemo/app/build/intermediates/incremental/debug/mergeDebugResources/merged.dir/values-be/values-be.xml","language":"XML","Filename":"values-be.xml","lines":92,"blank":0,"code":92,"comment":0,"efficientComment":0},{"filePath":"/Users/xxhape/Desktop/work/code/cloud_gaming_android/TcrSdkDemo/VKtoolDemo/app/build/intermediates/incremental/debug/mergeDebugResources/merged.dir/values-am/values-am.xml","language":"XML","Filename":"values-am.xml","lines":90,"blank":0,"code":90,"comment":0,"efficientComment":0},{"filePath":"/Users/xxhape/Desktop/work/code/cloud_gaming_android/TcrSdkDemo/VKtoolDemo/app/build/intermediates/incremental/debug/mergeDebugResources/merged.dir/values-af/values-af.xml","language":"XML","Filename":"values-af.xml","lines":90,"blank":0,"code":90,"comment":0,"efficientComment":0},{"filePath":"/Users/xxhape/Desktop/work/code/cloud_gaming_android/TcrSdkDemo/VKtoolDemo/app/build/intermediates/incremental/debug/mergeDebugResources/merged.dir/values-b+es+419/values-b+es+419.xml","language":"XML","Filename":"values-b+es+419.xml","lines":61,"blank":0,"code":61,"comment":0,"efficientComment":0},{"filePath":"/Users/xxhape/Desktop/work/code/cloud_gaming_android/TcrSdkDemo/VKtoolDemo/app/build/intermediates/incremental/debug/mergeDebugResources/merged.dir/values-as/values-as.xml","language":"XML","Filename":"values-as.xml","lines":90,"blank":0,"code":90,"comment":0,"efficientComment":0},{"filePath":"/Users/xxhape/Desktop/work/code/cloud_gaming_android/TcrSdkDemo/VKtoolDemo/app/build/intermediates/incremental/debug/mergeDebugResources/merged.dir/values-ar/values-ar.xml","language":"XML","Filename":"values-ar.xml","lines":94,"blank":0,"code":94,"comment":0,"efficientComment":0},{"filePath":"/Users/xxhape/Desktop/work/code/cloud_gaming_android/TcrSdkDemo/VKtoolDemo/app/build/intermediates/incremental/debug/mergeDebugResources/merged.dir/values/values.xml","language":"XML","Filename":"values.xml","lines":11104,"blank":1592,"code":9120,"comment":392,"efficientComment":0}],"languages":";gitignore;Gradle;YAML;Properties File;Batch;Shell;Prolog;XML;Plain Text;JSON;Java","tool_name":"scc"}
