{"toolName":"SENSITIVE","toolImageType":"","projName":"VKtoolDemo","projectId":"VKtoolDemo","scanPath":"/Users/xxhape/Desktop/work/code/cloud_gaming_android/TcrSdkDemo/VKtoolDemo","language":0,"whitePathList":[],"toolOptions":[],"buildScript":"","scanType":"full","skipPaths":[],"incrementalFiles":[],"openCheckers":[],"repos":[{"url":"git@git.woa.com:cloud_video_product_private/cloud_gaming_android.git","scmType":"git"}],"params":"","dockerTriggerShell":"/bin/bash##-c##\"cd /usr/codecc/tool_scan; python3 ./sdk/src/scan.py --input={input.json} --output={output.json}\"","dockerImageUrl":"mirrors.tencent.com/codecc/codecc-auto-tools-prod-sensitive-codecc-plugin","dockerImageVersion":"v-1655778240570","dockerImageHash":"sha256:25d658a041de696eaf02a2f2b68a67c3d817021ad90c14b157abee208c1a9845","dockerContainerId":"abbbdaeb41f148d744061479c2cf487e3ff811086e24a9273e8621da3936f0b9","commentTurnOn":""}