{"toolName":"CCN","toolImageType":"","projName":"SimpleMoblieDemo","projectId":"SimpleMoblieDemo","scanPath":"/Users/xxhape/Desktop/code/re/TcrSdk2/cloud_gaming_android/TcrSdkDemo/SimpleMoblieDemo","language":0,"whitePathList":[],"toolOptions":[],"buildScript":"","scanType":"full","skipPaths":[],"incrementalFiles":[],"openCheckers":[],"repos":[{"url":"git@git.woa.com:cloud_video_product_private/cloud_gaming_android.git","scmType":"git"}],"params":"","dockerTriggerShell":"/bin/bash##-c##\"cd /usr/codecc/tool_scan; python3 ./sdk/src/scan.py --input={input.json} --output={output.json}\"","dockerImageUrl":"mirrors.tencent.com/codecc/codecc-auto-tools-prod-ccn-codecc-plugin","dockerImageVersion":"v-1644477331098","dockerImageHash":"sha256:39e13d3786e401bedc47ffd3d06fbe4eeabc46594406bda33d07e07c01807055","dockerContainerId":"1d1c1096feaefceef1ce49175027feccee9d12f98d0961a9fb462ab3b50bfe87","commentTurnOn":""}