{"toolName":"SCC","toolImageType":"","projName":"SimpleMoblieDemo","projectId":"SimpleMoblieDemo","scanPath":"/Users/xxhape/Desktop/code/re/TcrSdk2/cloud_gaming_android/TcrSdkDemo/SimpleMoblieDemo","language":0,"whitePathList":[],"toolOptions":[],"buildScript":"","scanType":"full","skipPaths":["/Users/xxhape/Desktop/code/re/TcrSdk2/cloud_gaming_android/TcrSdkDemo/SimpleMoblieDemo/.idea/libraries","/Users/xxhape/Desktop/code/re/TcrSdk2/cloud_gaming_android/TcrSdkDemo/SimpleMoblieDemo/.gradle","/Users/xxhape/Desktop/code/re/TcrSdk2/cloud_gaming_android/TcrSdkDemo/SimpleMoblieDemo/.codecc"],"incrementalFiles":[],"openCheckers":null,"repos":[],"params":"","dockerTriggerShell":"/bin/bash##-c##\"cd /usr/codecc/tool_scan && /usr/codecc/tool_scan/tool/scan --input={input.json} --output={output.json}\"","dockerImageUrl":"mirrors.tencent.com/codecc/codecc-auto-tools-prod-scc-codecc-plugin","dockerImageVersion":"v-1648557483667","dockerImageHash":"sha256:ebd74983fff58f83fc95a33a878b9bdd602bac3fd02a346883a66f9748c6dc0a","dockerContainerId":"9f998e90ae7b1e57893581e8292ec9db509299429e24d9b4128aeb7da5a29938","commentTurnOn":"false"}