{"toolName":"SENSITIVE","toolImageType":"","projName":"SimpleMoblieDemo","projectId":"SimpleMoblieDemo","scanPath":"/Users/xxhape/Desktop/code/re/TcrSdk2/cloud_gaming_android/TcrSdkDemo/SimpleMoblieDemo","language":0,"whitePathList":[],"toolOptions":[],"buildScript":"","scanType":"full","skipPaths":[],"incrementalFiles":[],"openCheckers":[],"repos":[{"url":"git@git.woa.com:cloud_video_product_private/cloud_gaming_android.git","scmType":"git"}],"params":"","dockerTriggerShell":"/bin/bash##-c##\"cd /usr/codecc/tool_scan; python3 ./sdk/src/scan.py --input={input.json} --output={output.json}\"","dockerImageUrl":"mirrors.tencent.com/codecc/codecc-auto-tools-prod-sensitive-codecc-plugin","dockerImageVersion":"v-1654827590974","dockerImageHash":"sha256:5906a0d0251c7cad1ad91ac574d6f71e03579128a2c89061e2e6d449902f7804","dockerContainerId":"118f54b5f2f83b34db343f0737ba80c869abe3d92933188d498d2c8b3167cab5","commentTurnOn":""}