<?xml version="1.0" encoding="utf-8"?>
<settings>
    <!--    游戏ID。例如game-mkcru8bo (Unity2018)，game-h4c3xgp5 (Unity2020)。-->
    <setting key="game_id" value="game-h4c3xgp5" />
    <!--    与云端通信的云端端口号-->
    <setting key="port" value="6666" />
    <!--    是否开启调试模式。 -->
    <setting key="debug" value="false" />
    <!--    是否使用热更新的方式进行升级转化。 -->
    <setting key="hot_update" value="true" />

    <!--    游戏包的地址。仅在hot_update为false的情况下才有意义。热更新失败会跳转到浏览器下载 -->
    <setting key="apk_url" value="https://cg-sdk-1258344699.file.myqcloud.com/test/test.apk" />

    <!--    补丁包的地址。仅在hot_update为true的情况下才有意义。 -->
    <setting key="patch_url"
            value="https://cg-sdk-1258344699.file.myqcloud.com/micro/patch/TcrMicroAppForUnity2018Empty/patch.apk" />
    <!--    需要做处理的补丁包里的so的列表，用逗号隔开。例如"libtest1.so,libtest2.so"。
    用于解决完整包中so对app资源访问的问题，
    具体使用方法请参考文档【https://github.com/tencentyun/cloudgame-android-sdk/blob/master/TcrMicro/Doc/%E5%BE%AE%E7%AB%AF%E6%8E%A5%E5%85%A5%E6%8C%87%E5%8D%97.md】
    其中4.3章节详细介绍了使用方法。该配置仅在hot_update为true的情况下才有意义。 -->
    <setting key="update_so_list" value="libunity.so" />
    <!--    热更新时的flag，用来兼容不同场景，比如加固场景下。
    不同加固方案对应的flag值不同，
    具体使用方法请参考文档【https://github.com/tencentyun/cloudgame-android-sdk/blob/master/TcrMicro/Doc/%E5%BE%AE%E7%AB%AF%E6%8E%A5%E5%85%A5%E6%8C%87%E5%8D%97.md】
    其中4.7章节详细介绍了使用方法。该配置仅在hot_update为true的情况下才有意义。 -->
    <setting key="update_flag" value="0" />
</settings>