<?xml version="1.0" encoding="utf-8"?>
<settings>
    <!--    游戏ID。game-mkcru8bo(Unity2018)，game-h4c3xgp5(Unity2020)。-->
    <setting key="game_id" value="game-mkcru8bo" />
    <!--    patch存放的位置-->
    <setting key="patch_url"
            value="https://cg-sdk-1258344699.cos.ap-nanjing.myqcloud.com/micro/patch/TcrMicroAppForUnity2018Empty/" />
    <!--    patch热更新失败则进行apk安装-->
    <setting key="apk_url" value="" />
    <!--    与云端通信的端口号-->
    <setting key="port" value="6666" />
    <!--    下载速度，分为三档，根据当前云游戏的运行情况自动调节-->
    <setting key="download_speed_low" value="256" />
    <setting key="download_speed_middle" value="512" />
    <setting key="download_speed_high" value="1024" />

    <!--    需要hook的so列表，value中写"libtest1.so,libtest2.so"，多个so之前用逗号隔开-->
    <setting key="hook_so_list" value="libunity.so" />
</settings>