<?xml version="1.0" encoding="utf-8"?>
<settings>
    <!--    游戏ID。例如game-mkcru8bo (Unity2018)，game-h4c3xgp5 (Unity2020)。-->
    <setting key="game_id" value="game-h4c3xgp5" />
    <!--    与云端通信的云端端口号-->
    <setting key="port" value="6666" />
    <!--    是否开启调试模式。 -->
    <setting key="debug" value="false" />
    <!--    是否使用热更新的方式进行升级转化。 -->
    <setting key="hot_update" value="true" />

    <!--    游戏包的地址。仅在hot_update为false的情况下才有意义。 -->
    <setting key="apk_url" value="https://cg-sdk-1258344699.file.myqcloud.com/test/test.apk" />

    <!--    补丁包的地址。仅在hot_update为true的情况下才有意义。 -->
    <setting key="patch_url"
            value="https://cg-sdk-1258344699.file.myqcloud.com/micro/patch/TcrMicroAppForUnity2018Empty/patch.apk" />
    <!--    需要hook补丁包里的so的列表，用逗号隔开。例如"libtest1.so,libtest2.so"。 仅在hot_update为true的情况下才有意义。 -->
    <setting key="hook_so_list" value="libunity.so" />
    <!--    是否修改应用的apk路径（Context#getPackageCodePath()）指向补丁包。 仅在hot_update为true的情况下才有意义。 -->
    <setting key="hack_app_dir" value="false" />
</settings>