<?xml version="1.0" encoding="utf-8"?>
<settings>
    <!--    游戏ID。例如game-mkcru8bo (Unity2018)，game-h4c3xgp5 (Unity2020)。-->
    <setting key="game_id" value="game-mkcru8bo" />
    <!--    与云端通信的云端端口号-->
    <setting key="port" value="6666" />
    <!--    是否开启调试模式。 -->
    <setting key="debug" value="false" />
    <!--    是否使用热更新的方式进行升级转化。 -->
    <setting key="hot_update" value="true" />
    <!--    是否适配异形屏（摄像头区域）。 如果刘海屏适配遮挡了游戏的内容，可以关闭此开关-->
    <setting key="support_display_cutouts" value="true" />
    <!--    游戏包的地址。仅在hot_update为false的情况下才有意义。热更新失败会跳转到浏览器下载 -->
    <setting key="apk_url" value="https://cg-sdk-1258344699.file.myqcloud.com/test/test.apk" />

    <!--    补丁包的地址。仅在hot_update为true的情况下才有意义。 -->
    <setting key="patch_url"
            value="https://cg-sdk-1258344699.cos.ap-nanjing.myqcloud.com/micro/patch/default/patch.apk" />
    <!--此key表示需要做路径重定向处理的补丁包里的so列表。value用逗号隔开，例如"libtest1.so,libtest2.so"。此配置仅在hot_update为true的情况下才有意义。此配置项用于解决补丁包中的个别so通过未知方式获取到base.apk的文件路径并访问资源找不到的问题。具体使用方法请参考文档【https://github.com/tencentyun/cloudgame-android-sdk/blob/master/TcrMicro/Doc/%E5%BE%AE%E7%AB%AF%E6%8E%A5%E5%85%A5%E6%8C%87%E5%8D%97.md】的4.3章节。-->
    <setting key="update_so_list" value="libunity.so" />
    <!-- 热更新的标识值，用来兼容不同场景，比如加固场景。此配置仅在hot_update为true的情况下才有意义。 具体使用方法请参考文档【https://github.com/tencentyun/cloudgame-android-sdk/blob/master/TcrMicro/Doc/%E5%BE%AE%E7%AB%AF%E6%8E%A5%E5%85%A5%E6%8C%87%E5%8D%97.md】的4.7章节。 -->
    <setting key="update_flag" value="0" />
</settings>