{"toolName":"CCN","toolImageType":"","projName":"SimpleLightDemo","projectId":"SimpleLightDemo","scanPath":"/Users/gaojunfeng/Downloads/cloud_gaming_android/TcrSdkDemo/SimpleLightDemo","language":0,"whitePathList":[],"toolOptions":[],"buildScript":"","scanType":"full","skipPaths":[],"incrementalFiles":[],"openCheckers":[],"repos":[{"url":"git@git.woa.com:cloud_video_product_private/cloud_gaming_android.git","scmType":"git"}],"params":"","dockerTriggerShell":"/bin/bash##-c##\"cd /usr/codecc/tool_scan; python3 ./sdk/src/scan.py --input={input.json} --output={output.json}\"","dockerImageUrl":"mirrors.tencent.com/codecc/codecc-auto-tools-prod-ccn-codecc-plugin","dockerImageVersion":"v-1644477331098","dockerImageHash":"sha256:39e13d3786e401bedc47ffd3d06fbe4eeabc46594406bda33d07e07c01807055","dockerContainerId":"a279a124754f22a2c77bf4211fe1d98cf2d88e1f1faf9b75cecd636378a73615","commentTurnOn":""}