{"toolName":"CHECKSTYLE","toolImageType":"","projName":"SimpleLightDemo","projectId":"SimpleLightDemo","scanPath":"/Users/gaojunfeng/Downloads/cloud_gaming_android/TcrSdkDemo/SimpleLightDemo","language":0,"whitePathList":[],"toolOptions":[],"buildScript":"","scanType":"full","skipPaths":[],"incrementalFiles":[],"openCheckers":[{"checkerName":"FileTabCharacter","nativeChecker":true,"severity":0,"checkerOptions":[]},{"checkerName":"LineLength","nativeChecker":true,"severity":0,"checkerOptions":[{"checkerOptionName":"max","checkerOptionValue":"120"}]},{"checkerName":"OuterTypeFilename","nativeChecker":true,"severity":0,"checkerOptions":[]},{"checkerName":"IllegalTokenText","nativeChecker":true,"severity":0,"checkerOptions":[]},{"checkerName":"AvoidEscapedUnicodeCharacters","nativeChecker":true,"severity":0,"checkerOptions":[]},{"checkerName":"AvoidStarImport","nativeChecker":true,"severity":0,"checkerOptions":[]},{"checkerName":"OneTopLevelClass","nativeChecker":true,"severity":0,"checkerOptions":[]},{"checkerName":"NoLineWrap","nativeChecker":true,"severity":0,"checkerOptions":[]},{"checkerName":"EmptyBlock","nativeChecker":true,"severity":0,"checkerOptions":[]},{"checkerName":"NeedBraces","nativeChecker":true,"severity":0,"checkerOptions":[]},{"checkerName":"LeftCurly","nativeChecker":true,"severity":0,"checkerOptions":[]},{"checkerName":"RightCurly","nativeChecker":true,"severity":0,"checkerOptions":[]},{"checkerName":"WhitespaceAround","nativeChecker":true,"severity":0,"checkerOptions":[]},{"checkerName":"OneStatementPerLine","nativeChecker":true,"severity":0,"checkerOptions":[]},{"checkerName":"MultipleVariableDeclarations","nativeChecker":true,"severity":0,"checkerOptions":[]},{"checkerName":"ArrayTypeStyle","nativeChecker":true,"severity":0,"checkerOptions":[]},{"checkerName":"MissingSwitchDefault","nativeChecker":true,"severity":0,"checkerOptions":[]},{"checkerName":"FallThrough","nativeChecker":true,"severity":0,"checkerOptions":[]},{"checkerName":"UpperEll","nativeChecker":true,"severity":0,"checkerOptions":[]},{"checkerName":"ModifierOrder","nativeChecker":true,"severity":0,"checkerOptions":[]},{"checkerName":"EmptyLineSeparator","nativeChecker":true,"severity":0,"checkerOptions":[]},{"checkerName":"SeparatorWrap","nativeChecker":true,"severity":0,"checkerOptions":[]},{"checkerName":"PackageName","nativeChecker":true,"severity":0,"checkerOptions":[]},{"checkerName":"TypeName","nativeChecker":true,"severity":0,"checkerOptions":[]},{"checkerName":"MemberName","nativeChecker":true,"severity":0,"checkerOptions":[]},{"checkerName":"ParameterName","nativeChecker":true,"severity":0,"checkerOptions":[]},{"checkerName":"LambdaParameterName","nativeChecker":true,"severity":0,"checkerOptions":[]},{"checkerName":"CatchParameterName","nativeChecker":true,"severity":0,"checkerOptions":[]},{"checkerName":"LocalVariableName","nativeChecker":true,"severity":0,"checkerOptions":[]},{"checkerName":"ClassTypeParameterName","nativeChecker":true,"severity":0,"checkerOptions":[]},{"checkerName":"MethodTypeParameterName","nativeChecker":true,"severity":0,"checkerOptions":[]},{"checkerName":"InterfaceTypeParameterName","nativeChecker":true,"severity":0,"checkerOptions":[]},{"checkerName":"NoFinalizer","nativeChecker":true,"severity":0,"checkerOptions":[]},{"checkerName":"GenericWhitespace","nativeChecker":true,"severity":0,"checkerOptions":[]},{"checkerName":"OverloadMethodsDeclarationOrder","nativeChecker":true,"severity":0,"checkerOptions":[]},{"checkerName":"VariableDeclarationUsageDistance","nativeChecker":true,"severity":0,"checkerOptions":[]},{"checkerName":"MethodParamPad","nativeChecker":true,"severity":0,"checkerOptions":[]},{"checkerName":"NoWhitespaceBefore","nativeChecker":true,"severity":0,"checkerOptions":[]},{"checkerName":"ParenPad","nativeChecker":true,"severity":0,"checkerOptions":[]},{"checkerName":"OperatorWrap","nativeChecker":true,"severity":0,"checkerOptions":[{"checkerOptionName":"tokens","checkerOptionValue":"BAND, BOR, BSR, BXOR, DIV, EQUAL, GE, GT, LAND, LE, LITERAL_INSTANCEOF, LOR, LT, MINUS, MOD, NOT_EQUAL, PLUS, QUESTION, SL, SR, STAR, METHOD_REF"}]},{"checkerName":"AnnotationLocation","nativeChecker":true,"severity":0,"checkerOptions":[]},{"checkerName":"JavadocTagContinuationIndentation","nativeChecker":true,"severity":0,"checkerOptions":[]},{"checkerName":"SummaryJavadoc","nativeChecker":true,"severity":0,"checkerOptions":[]},{"checkerName":"JavadocMethod","nativeChecker":true,"severity":0,"checkerOptions":[]},{"checkerName":"MethodName","nativeChecker":true,"severity":0,"checkerOptions":[]},{"checkerName":"SingleLineJavadoc","nativeChecker":true,"severity":0,"checkerOptions":[]},{"checkerName":"EmptyCatchBlock","nativeChecker":true,"severity":0,"checkerOptions":[]},{"checkerName":"CommentsIndentation","nativeChecker":true,"severity":0,"checkerOptions":[]},{"checkerName":"MissingJavadocMethod","nativeChecker":true,"severity":0,"checkerOptions":[]},{"checkerName":"InvalidJavadocPosition","nativeChecker":true,"severity":0,"checkerOptions":[]},{"checkerName":"ConstantName","nativeChecker":true,"severity":0,"checkerOptions":[]}],"repos":[{"url":"git@git.woa.com:cloud_video_product_private/cloud_gaming_android.git","scmType":"git"}],"params":"","dockerTriggerShell":"/bin/bash##-c##\"cd /usr/codecc/tool_scan; python3 ./sdk/src/scan.py --input={input.json} --output={output.json}\"","dockerImageUrl":"mirrors.tencent.com/codecc/codecc-auto-tools-prod-checkstyle-codecc-plugin","dockerImageVersion":"v-1652185874481","dockerImageHash":"sha256:12343969750913b86a29409c45cf46095111a0546ae961cdcf458b59dbaae906","dockerContainerId":"1c50d89e0a7f78e0482489638208ab645e94f0ec1fdfb188b61da764e098a513","commentTurnOn":""}