{"toolName":"CCN","toolImageType":"","projName":"SimpleDemo","projectId":"SimpleDemo","scanPath":"/Users/gaojunfeng/Downloads/cloud_gaming_android/TcrSdkDemo/SimpleDemo","language":0,"whitePathList":[],"toolOptions":[],"buildScript":"","scanType":"full","skipPaths":[],"incrementalFiles":[],"openCheckers":[],"repos":[{"url":"git@git.woa.com:cloud_video_product_private/cloud_gaming_android.git","scmType":"git"}],"params":"","dockerTriggerShell":"/bin/bash##-c##\"cd /usr/codecc/tool_scan; python3 ./sdk/src/scan.py --input={input.json} --output={output.json}\"","dockerImageUrl":"mirrors.tencent.com/codecc/codecc-auto-tools-prod-ccn-codecc-plugin","dockerImageVersion":"v-1644477331098","dockerImageHash":"sha256:39e13d3786e401bedc47ffd3d06fbe4eeabc46594406bda33d07e07c01807055","dockerContainerId":"69a573f6583a19f6a4ee5aa01b450ca40b290d90f79c22193d3e1293370b07f3","commentTurnOn":""}