{"toolName":"CHECKSTYLE","toolImageType":"","projName":"SimpleDemo","projectId":"SimpleDemo","scanPath":"/Users/gaojunfeng/Downloads/cloud_gaming_android/TcrSdkDemo/SimpleDemo","language":0,"whitePathList":[],"toolOptions":[],"buildScript":"","scanType":"full","skipPaths":[],"incrementalFiles":[],"openCheckers":[{"checkerName":"FileTabCharacter","nativeChecker":true,"severity":0,"checkerOptions":[]},{"checkerName":"LineLength","nativeChecker":true,"severity":0,"checkerOptions":[{"checkerOptionName":"max","checkerOptionValue":"120"}]},{"checkerName":"OuterTypeFilename","nativeChecker":true,"severity":0,"checkerOptions":[]},{"checkerName":"IllegalTokenText","nativeChecker":true,"severity":0,"checkerOptions":[]},{"checkerName":"AvoidEscapedUnicodeCharacters","nativeChecker":true,"severity":0,"checkerOptions":[]},{"checkerName":"AvoidStarImport","nativeChecker":true,"severity":0,"checkerOptions":[]},{"checkerName":"OneTopLevelClass","nativeChecker":true,"severity":0,"checkerOptions":[]},{"checkerName":"NoLineWrap","nativeChecker":true,"severity":0,"checkerOptions":[]},{"checkerName":"EmptyBlock","nativeChecker":true,"severity":0,"checkerOptions":[]},{"checkerName":"NeedBraces","nativeChecker":true,"severity":0,"checkerOptions":[]},{"checkerName":"LeftCurly","nativeChecker":true,"severity":0,"checkerOptions":[]},{"checkerName":"RightCurly","nativeChecker":true,"severity":0,"checkerOptions":[]},{"checkerName":"WhitespaceAround","nativeChecker":true,"severity":0,"checkerOptions":[]},{"checkerName":"OneStatementPerLine","nativeChecker":true,"severity":0,"checkerOptions":[]},{"checkerName":"MultipleVariableDeclarations","nativeChecker":true,"severity":0,"checkerOptions":[]},{"checkerName":"ArrayTypeStyle","nativeChecker":true,"severity":0,"checkerOptions":[]},{"checkerName":"MissingSwitchDefault","nativeChecker":true,"severity":0,"checkerOptions":[]},{"checkerName":"FallThrough","nativeChecker":true,"severity":0,"checkerOptions":[]},{"checkerName":"UpperEll","nativeChecker":true,"severity":0,"checkerOptions":[]},{"checkerName":"ModifierOrder","nativeChecker":true,"severity":0,"checkerOptions":[]},{"checkerName":"EmptyLineSeparator","nativeChecker":true,"severity":0,"checkerOptions":[]},{"checkerName":"SeparatorWrap","nativeChecker":true,"severity":0,"checkerOptions":[]},{"checkerName":"PackageName","nativeChecker":true,"severity":0,"checkerOptions":[]},{"checkerName":"TypeName","nativeChecker":true,"severity":0,"checkerOptions":[]},{"checkerName":"MemberName","nativeChecker":true,"severity":0,"checkerOptions":[]},{"checkerName":"ParameterName","nativeChecker":true,"severity":0,"checkerOptions":[]},{"checkerName":"LambdaParameterName","nativeChecker":true,"severity":0,"checkerOptions":[]},{"checkerName":"CatchParameterName","nativeChecker":true,"severity":0,"checkerOptions":[]},{"checkerName":"LocalVariableName","nativeChecker":true,"severity":0,"checkerOptions":[]},{"checkerName":"ClassTypeParameterName","nativeChecker":true,"severity":0,"checkerOptions":[]},{"checkerName":"MethodTypeParameterName","nativeChecker":true,"severity":0,"checkerOptions":[]},{"checkerName":"InterfaceTypeParameterName","nativeChecker":true,"severity":0,"checkerOptions":[]},{"checkerName":"NoFinalizer","nativeChecker":true,"severity":0,"checkerOptions":[]},{"checkerName":"GenericWhitespace","nativeChecker":true,"severity":0,"checkerOptions":[]},{"checkerName":"OverloadMethodsDeclarationOrder","nativeChecker":true,"severity":0,"checkerOptions":[]},{"checkerName":"VariableDeclarationUsageDistance","nativeChecker":true,"severity":0,"checkerOptions":[]},{"checkerName":"MethodParamPad","nativeChecker":true,"severity":0,"checkerOptions":[]},{"checkerName":"NoWhitespaceBefore","nativeChecker":true,"severity":0,"checkerOptions":[]},{"checkerName":"ParenPad","nativeChecker":true,"severity":0,"checkerOptions":[]},{"checkerName":"OperatorWrap","nativeChecker":true,"severity":0,"checkerOptions":[{"checkerOptionName":"tokens","checkerOptionValue":"BAND, BOR, BSR, BXOR, DIV, EQUAL, GE, GT, LAND, LE, LITERAL_INSTANCEOF, LOR, LT, MINUS, MOD, NOT_EQUAL, PLUS, QUESTION, SL, SR, STAR, METHOD_REF"}]},{"checkerName":"AnnotationLocation","nativeChecker":true,"severity":0,"checkerOptions":[]},{"checkerName":"JavadocTagContinuationIndentation","nativeChecker":true,"severity":0,"checkerOptions":[]},{"checkerName":"SummaryJavadoc","nativeChecker":true,"severity":0,"checkerOptions":[]},{"checkerName":"JavadocMethod","nativeChecker":true,"severity":0,"checkerOptions":[]},{"checkerName":"MethodName","nativeChecker":true,"severity":0,"checkerOptions":[]},{"checkerName":"SingleLineJavadoc","nativeChecker":true,"severity":0,"checkerOptions":[]},{"checkerName":"EmptyCatchBlock","nativeChecker":true,"severity":0,"checkerOptions":[]},{"checkerName":"CommentsIndentation","nativeChecker":true,"severity":0,"checkerOptions":[]},{"checkerName":"MissingJavadocMethod","nativeChecker":true,"severity":0,"checkerOptions":[]},{"checkerName":"InvalidJavadocPosition","nativeChecker":true,"severity":0,"checkerOptions":[]},{"checkerName":"ConstantName","nativeChecker":true,"severity":0,"checkerOptions":[]}],"repos":[{"url":"git@git.woa.com:cloud_video_product_private/cloud_gaming_android.git","scmType":"git"}],"params":"","dockerTriggerShell":"/bin/bash##-c##\"cd /usr/codecc/tool_scan; python3 ./sdk/src/scan.py --input={input.json} --output={output.json}\"","dockerImageUrl":"mirrors.tencent.com/codecc/codecc-auto-tools-prod-checkstyle-codecc-plugin","dockerImageVersion":"v-1663223776309","dockerImageHash":"sha256:c29fc1d2b658369b31a7537b22b0cbe4c9e40353bef684c4396f82bafb78ae8d","dockerContainerId":"55ed07123af37bca70acec4a06f6f8dbdb642bfe5360b4fd31157ca2e927ec35","commentTurnOn":""}