{"defects":[{"filePath":"/Users/gaojunfeng/Downloads/cloud_gaming_android/TcrSdkDemo/SimpleDemo/gradle.properties","language":"Properties File","Filename":"gradle.properties","lines":19,"blank":0,"code":3,"comment":16,"efficientComment":0},{"filePath":"/Users/gaojunfeng/Downloads/cloud_gaming_android/TcrSdkDemo/SimpleDemo/build.gradle","language":"Gradle","Filename":"build.gradle","lines":9,"blank":1,"code":7,"comment":1,"efficientComment":0},{"filePath":"/Users/gaojunfeng/Downloads/cloud_gaming_android/TcrSdkDemo/SimpleDemo/build.yml","language":"YAML","Filename":"build.yml","lines":28,"blank":1,"code":22,"comment":5,"efficientComment":0},{"filePath":"/Users/gaojunfeng/Downloads/cloud_gaming_android/TcrSdkDemo/SimpleDemo/.gitignore","language":"gitignore","Filename":".gitignore","lines":9,"blank":0,"code":9,"comment":0,"efficientComment":0},{"filePath":"/Users/gaojunfeng/Downloads/cloud_gaming_android/TcrSdkDemo/SimpleDemo/local.properties","language":"Properties File","Filename":"local.properties","lines":8,"blank":0,"code":1,"comment":7,"efficientComment":0},{"filePath":"/Users/gaojunfeng/Downloads/cloud_gaming_android/TcrSdkDemo/SimpleDemo/gradlew.bat","language":"Batch","Filename":"gradlew.bat","lines":89,"blank":21,"code":68,"comment":0,"efficientComment":0},{"filePath":"/Users/gaojunfeng/Downloads/cloud_gaming_android/TcrSdkDemo/SimpleDemo/settings.gradle","language":"Gradle","Filename":"settings.gradle","lines":18,"blank":0,"code":18,"comment":0,"efficientComment":0},{"filePath":"/Users/gaojunfeng/Downloads/cloud_gaming_android/TcrSdkDemo/SimpleDemo/gradlew","language":"Shell","Filename":"gradlew","lines":185,"blank":23,"code":125,"comment":37,"efficientComment":0},{"filePath":"/Users/gaojunfeng/Downloads/cloud_gaming_android/TcrSdkDemo/SimpleDemo/gradle/wrapper/gradle-wrapper.properties","language":"Properties File","Filename":"gradle-wrapper.properties","lines":6,"blank":0,"code":5,"comment":1,"efficientComment":0},{"filePath":"/Users/gaojunfeng/Downloads/cloud_gaming_android/TcrSdkDemo/SimpleDemo/app/build.gradle","language":"Gradle","Filename":"build.gradle","lines":36,"blank":4,"code":31,"comment":1,"efficientComment":0},{"filePath":"/Users/gaojunfeng/Downloads/cloud_gaming_android/TcrSdkDemo/SimpleDemo/app/proguard-rules.pro","language":"Prolog","Filename":"proguard-rules.pro","lines":21,"blank":3,"code":18,"comment":0,"efficientComment":0},{"filePath":"/Users/gaojunfeng/Downloads/cloud_gaming_android/TcrSdkDemo/SimpleDemo/app/.gitignore","language":"gitignore","Filename":".gitignore","lines":1,"blank":0,"code":1,"comment":0,"efficientComment":0},{"filePath":"/Users/gaojunfeng/Downloads/cloud_gaming_android/TcrSdkDemo/SimpleDemo/.idea/.gitignore","language":"gitignore","Filename":".gitignore","lines":7,"blank":0,"code":6,"comment":1,"efficientComment":0},{"filePath":"/Users/gaojunfeng/Downloads/cloud_gaming_android/TcrSdkDemo/SimpleDemo/.idea/checkstyle-idea.xml","language":"XML","Filename":"checkstyle-idea.xml","lines":26,"blank":0,"code":26,"comment":0,"efficientComment":0},{"filePath":"/Users/gaojunfeng/Downloads/cloud_gaming_android/TcrSdkDemo/SimpleDemo/.idea/compiler.xml","language":"XML","Filename":"compiler.xml","lines":6,"blank":0,"code":6,"comment":0,"efficientComment":0},{"filePath":"/Users/gaojunfeng/Downloads/cloud_gaming_android/TcrSdkDemo/SimpleDemo/.idea/vcs.xml","language":"XML","Filename":"vcs.xml","lines":6,"blank":0,"code":6,"comment":0,"efficientComment":0},{"filePath":"/Users/gaojunfeng/Downloads/cloud_gaming_android/TcrSdkDemo/SimpleDemo/.idea/saveactions_settings.xml","language":"XML","Filename":"saveactions_settings.xml","lines":21,"blank":0,"code":21,"comment":0,"efficientComment":0},{"filePath":"/Users/gaojunfeng/Downloads/cloud_gaming_android/TcrSdkDemo/SimpleDemo/.idea/workspace.xml","language":"XML","Filename":"workspace.xml","lines":213,"blank":0,"code":213,"comment":0,"efficientComment":0},{"filePath":"/Users/gaojunfeng/Downloads/cloud_gaming_android/TcrSdkDemo/SimpleDemo/.idea/tencent_checks.xml","language":"XML","Filename":"tencent_checks.xml","lines":412,"blank":10,"code":312,"comment":90,"efficientComment":0},{"filePath":"/Users/gaojunfeng/Downloads/cloud_gaming_android/TcrSdkDemo/SimpleDemo/.idea/gradle.xml","language":"XML","Filename":"gradle.xml","lines":20,"blank":0,"code":20,"comment":0,"efficientComment":0},{"filePath":"/Users/gaojunfeng/Downloads/cloud_gaming_android/TcrSdkDemo/SimpleDemo/app/src/main/AndroidManifest.xml","language":"XML","Filename":"AndroidManifest.xml","lines":26,"blank":2,"code":24,"comment":0,"efficientComment":0},{"filePath":"/Users/gaojunfeng/Downloads/cloud_gaming_android/TcrSdkDemo/SimpleDemo/.idea/misc.xml","language":"XML","Filename":"misc.xml","lines":13,"blank":0,"code":13,"comment":0,"efficientComment":0},{"filePath":"/Users/gaojunfeng/Downloads/cloud_gaming_android/TcrSdkDemo/SimpleDemo/app/build/outputs/logs/manifest-merger-debug-report.txt","language":"Plain Text","Filename":"manifest-merger-debug-report.txt","lines":265,"blank":0,"code":265,"comment":0,"efficientComment":0},{"filePath":"/Users/gaojunfeng/Downloads/cloud_gaming_android/TcrSdkDemo/SimpleDemo/.idea/codeStyles/codeStyleConfig.xml","language":"XML","Filename":"codeStyleConfig.xml","lines":5,"blank":0,"code":5,"comment":0,"efficientComment":0},{"filePath":"/Users/gaojunfeng/Downloads/cloud_gaming_android/TcrSdkDemo/SimpleDemo/.idea/codeStyles/Project.xml","language":"XML","Filename":"Project.xml","lines":220,"blank":0,"code":220,"comment":0,"efficientComment":0},{"filePath":"/Users/gaojunfeng/Downloads/cloud_gaming_android/TcrSdkDemo/SimpleDemo/.idea/codeStyles/README.md","language":"Markdown","Filename":"README.md","lines":6,"blank":3,"code":3,"comment":0,"efficientComment":0},{"filePath":"/Users/gaojunfeng/Downloads/cloud_gaming_android/TcrSdkDemo/SimpleDemo/app/src/main/java/com/tencent/simpledemo/CloudRenderBiz.java","language":"Java","Filename":"CloudRenderBiz.java","lines":169,"blank":21,"code":93,"comment":55,"efficientComment":0},{"filePath":"/Users/gaojunfeng/Downloads/cloud_gaming_android/TcrSdkDemo/SimpleDemo/app/src/main/java/com/tencent/simpledemo/App.java","language":"Java","Filename":"App.java","lines":35,"blank":7,"code":23,"comment":5,"efficientComment":0},{"filePath":"/Users/gaojunfeng/Downloads/cloud_gaming_android/TcrSdkDemo/SimpleDemo/app/src/main/java/com/tencent/simpledemo/MainActivity.java","language":"Java","Filename":"MainActivity.java","lines":266,"blank":18,"code":142,"comment":106,"efficientComment":0},{"filePath":"/Users/gaojunfeng/Downloads/cloud_gaming_android/TcrSdkDemo/SimpleDemo/app/src/main/res/values-night/themes.xml","language":"XML","Filename":"themes.xml","lines":16,"blank":0,"code":11,"comment":5,"efficientComment":0},{"filePath":"/Users/gaojunfeng/Downloads/cloud_gaming_android/TcrSdkDemo/SimpleDemo/app/src/main/res/values/colors.xml","language":"XML","Filename":"colors.xml","lines":10,"blank":0,"code":10,"comment":0,"efficientComment":0},{"filePath":"/Users/gaojunfeng/Downloads/cloud_gaming_android/TcrSdkDemo/SimpleDemo/app/src/main/res/values/themes.xml","language":"XML","Filename":"themes.xml","lines":16,"blank":0,"code":11,"comment":5,"efficientComment":0},{"filePath":"/Users/gaojunfeng/Downloads/cloud_gaming_android/TcrSdkDemo/SimpleDemo/app/src/main/res/values/strings.xml","language":"XML","Filename":"strings.xml","lines":3,"blank":0,"code":3,"comment":0,"efficientComment":0},{"filePath":"/Users/gaojunfeng/Downloads/cloud_gaming_android/TcrSdkDemo/SimpleDemo/app/src/main/java/com/tencent/simpledemo/data/StartProjectResponse.java","language":"Java","Filename":"StartProjectResponse.java","lines":13,"blank":4,"code":6,"comment":3,"efficientComment":0},{"filePath":"/Users/gaojunfeng/Downloads/cloud_gaming_android/TcrSdkDemo/SimpleDemo/app/src/main/java/com/tencent/simpledemo/data/StartGameRequest.java","language":"Java","Filename":"StartGameRequest.java","lines":27,"blank":7,"code":16,"comment":4,"efficientComment":0},{"filePath":"/Users/gaojunfeng/Downloads/cloud_gaming_android/TcrSdkDemo/SimpleDemo/app/src/main/java/com/tencent/simpledemo/data/StopProjectRequest.java","language":"Java","Filename":"StopProjectRequest.java","lines":22,"blank":5,"code":13,"comment":4,"efficientComment":0},{"filePath":"/Users/gaojunfeng/Downloads/cloud_gaming_android/TcrSdkDemo/SimpleDemo/app/src/main/java/com/tencent/simpledemo/data/StatsEvent.java","language":"Java","Filename":"StatsEvent.java","lines":59,"blank":10,"code":31,"comment":18,"efficientComment":0},{"filePath":"/Users/gaojunfeng/Downloads/cloud_gaming_android/TcrSdkDemo/SimpleDemo/app/src/main/java/com/tencent/simpledemo/data/StopGameRequest.java","language":"Java","Filename":"StopGameRequest.java","lines":22,"blank":5,"code":13,"comment":4,"efficientComment":0},{"filePath":"/Users/gaojunfeng/Downloads/cloud_gaming_android/TcrSdkDemo/SimpleDemo/app/src/main/java/com/tencent/simpledemo/data/Request.java","language":"Java","Filename":"Request.java","lines":67,"blank":7,"code":46,"comment":14,"efficientComment":0},{"filePath":"/Users/gaojunfeng/Downloads/cloud_gaming_android/TcrSdkDemo/SimpleDemo/app/build/generated/data_binding_trigger/debug/com/tencent/simpledemo/DataBindingTriggerClass.java","language":"Java","Filename":"DataBindingTriggerClass.java","lines":4,"blank":1,"code":3,"comment":0,"efficientComment":0},{"filePath":"/Users/gaojunfeng/Downloads/cloud_gaming_android/TcrSdkDemo/SimpleDemo/app/src/main/java/com/tencent/simpledemo/data/Response.java","language":"Java","Filename":"Response.java","lines":19,"blank":6,"code":10,"comment":3,"efficientComment":0},{"filePath":"/Users/gaojunfeng/Downloads/cloud_gaming_android/TcrSdkDemo/SimpleDemo/app/src/main/java/com/tencent/simpledemo/data/StartGameResponse.java","language":"Java","Filename":"StartGameResponse.java","lines":12,"blank":3,"code":6,"comment":3,"efficientComment":0},{"filePath":"/Users/gaojunfeng/Downloads/cloud_gaming_android/TcrSdkDemo/SimpleDemo/app/src/main/java/com/tencent/simpledemo/data/SessionDescribe.java","language":"Java","Filename":"SessionDescribe.java","lines":9,"blank":3,"code":6,"comment":0,"efficientComment":0},{"filePath":"/Users/gaojunfeng/Downloads/cloud_gaming_android/TcrSdkDemo/SimpleDemo/app/build/generated/res/pngs/debug/drawable-anydpi-v24/ic_launcher_foreground.xml","language":"XML","Filename":"ic_launcher_foreground.xml","lines":30,"blank":0,"code":30,"comment":0,"efficientComment":0},{"filePath":"/Users/gaojunfeng/Downloads/cloud_gaming_android/TcrSdkDemo/SimpleDemo/app/src/main/java/com/tencent/simpledemo/data/StartProjectRequest.java","language":"Java","Filename":"StartProjectRequest.java","lines":26,"blank":6,"code":16,"comment":4,"efficientComment":0},{"filePath":"/Users/gaojunfeng/Downloads/cloud_gaming_android/TcrSdkDemo/SimpleDemo/app/build/generated/source/buildConfig/debug/com/tencent/simpledemo/BuildConfig.java","language":"Java","Filename":"BuildConfig.java","lines":12,"blank":1,"code":8,"comment":3,"efficientComment":0},{"filePath":"/Users/gaojunfeng/Downloads/cloud_gaming_android/TcrSdkDemo/SimpleDemo/app/build/generated/data_binding_base_class_source_out/debug/out/com/tencent/simpledemo/databinding/ActivityMainBinding.java","language":"Java","Filename":"ActivityMainBinding.java","lines":85,"blank":13,"code":69,"comment":3,"efficientComment":0},{"filePath":"/Users/gaojunfeng/Downloads/cloud_gaming_android/TcrSdkDemo/SimpleDemo/app/src/main/res/drawable/ic_launcher_background.xml","language":"XML","Filename":"ic_launcher_background.xml","lines":170,"blank":0,"code":170,"comment":0,"efficientComment":0},{"filePath":"/Users/gaojunfeng/Downloads/cloud_gaming_android/TcrSdkDemo/SimpleDemo/app/src/main/res/layout/activity_main.xml","language":"XML","Filename":"activity_main.xml","lines":26,"blank":1,"code":25,"comment":0,"efficientComment":0},{"filePath":"/Users/gaojunfeng/Downloads/cloud_gaming_android/TcrSdkDemo/SimpleDemo/app/src/main/res/mipmap-anydpi-v26/ic_launcher_round.xml","language":"XML","Filename":"ic_launcher_round.xml","lines":5,"blank":0,"code":5,"comment":0,"efficientComment":0},{"filePath":"/Users/gaojunfeng/Downloads/cloud_gaming_android/TcrSdkDemo/SimpleDemo/app/src/main/res/mipmap-anydpi-v26/ic_launcher.xml","language":"XML","Filename":"ic_launcher.xml","lines":5,"blank":0,"code":5,"comment":0,"efficientComment":0},{"filePath":"/Users/gaojunfeng/Downloads/cloud_gaming_android/TcrSdkDemo/SimpleDemo/app/src/main/res/drawable-v24/ic_launcher_foreground.xml","language":"XML","Filename":"ic_launcher_foreground.xml","lines":30,"blank":0,"code":30,"comment":0,"efficientComment":0},{"filePath":"/Users/gaojunfeng/Downloads/cloud_gaming_android/TcrSdkDemo/SimpleDemo/app/build/intermediates/source_set_path_map/debug/file-map.txt","language":"Plain Text","Filename":"file-map.txt","lines":28,"blank":0,"code":28,"comment":0,"efficientComment":0},{"filePath":"/Users/gaojunfeng/Downloads/cloud_gaming_android/TcrSdkDemo/SimpleDemo/app/build/intermediates/signing_config_versions/debug/signing-config-versions.json","language":"JSON","Filename":"signing-config-versions.json","lines":1,"blank":0,"code":1,"comment":0,"efficientComment":0},{"filePath":"/Users/gaojunfeng/Downloads/cloud_gaming_android/TcrSdkDemo/SimpleDemo/app/build/intermediates/symbol_list_with_package_name/debug/package-aware-r.txt","language":"Plain Text","Filename":"package-aware-r.txt","lines":4387,"blank":0,"code":4387,"comment":0,"efficientComment":0},{"filePath":"/Users/gaojunfeng/Downloads/cloud_gaming_android/TcrSdkDemo/SimpleDemo/app/build/intermediates/stable_resource_ids_file/debug/stableIds.txt","language":"Plain Text","Filename":"stableIds.txt","lines":4396,"blank":0,"code":4396,"comment":0,"efficientComment":0},{"filePath":"/Users/gaojunfeng/Downloads/cloud_gaming_android/TcrSdkDemo/SimpleDemo/app/build/intermediates/packaged_manifests/debug/output-metadata.json","language":"JSON","Filename":"output-metadata.json","lines":20,"blank":0,"code":20,"comment":0,"efficientComment":0},{"filePath":"/Users/gaojunfeng/Downloads/cloud_gaming_android/TcrSdkDemo/SimpleDemo/app/build/intermediates/packaged_manifests/debug/AndroidManifest.xml","language":"XML","Filename":"AndroidManifest.xml","lines":50,"blank":6,"code":44,"comment":0,"efficientComment":0},{"filePath":"/Users/gaojunfeng/Downloads/cloud_gaming_android/TcrSdkDemo/SimpleDemo/app/build/intermediates/navigation_json/debug/navigation.json","language":"JSON","Filename":"navigation.json","lines":1,"blank":0,"code":1,"comment":0,"efficientComment":0},{"filePath":"/Users/gaojunfeng/Downloads/cloud_gaming_android/TcrSdkDemo/SimpleDemo/app/build/intermediates/processed_res/debug/out/output-metadata.json","language":"JSON","Filename":"output-metadata.json","lines":20,"blank":0,"code":20,"comment":0,"efficientComment":0},{"filePath":"/Users/gaojunfeng/Downloads/cloud_gaming_android/TcrSdkDemo/SimpleDemo/app/build/intermediates/runtime_symbol_list/debug/R.txt","language":"Plain Text","Filename":"R.txt","lines":5931,"blank":0,"code":5931,"comment":0,"efficientComment":0},{"filePath":"/Users/gaojunfeng/Downloads/cloud_gaming_android/TcrSdkDemo/SimpleDemo/app/build/intermediates/merged_manifest/debug/AndroidManifest.xml","language":"XML","Filename":"AndroidManifest.xml","lines":50,"blank":6,"code":44,"comment":0,"efficientComment":0},{"filePath":"/Users/gaojunfeng/Downloads/cloud_gaming_android/TcrSdkDemo/SimpleDemo/app/build/intermediates/merged_manifests/debug/AndroidManifest.xml","language":"XML","Filename":"AndroidManifest.xml","lines":50,"blank":6,"code":44,"comment":0,"efficientComment":0},{"filePath":"/Users/gaojunfeng/Downloads/cloud_gaming_android/TcrSdkDemo/SimpleDemo/app/build/intermediates/merged_manifests/debug/output-metadata.json","language":"JSON","Filename":"output-metadata.json","lines":20,"blank":0,"code":20,"comment":0,"efficientComment":0},{"filePath":"/Users/gaojunfeng/Downloads/cloud_gaming_android/TcrSdkDemo/SimpleDemo/app/build/intermediates/merged_res_blame_folder/debug/out/single/layout.json","language":"JSON","Filename":"layout.json","lines":10,"blank":0,"code":10,"comment":0,"efficientComment":0},{"filePath":"/Users/gaojunfeng/Downloads/cloud_gaming_android/TcrSdkDemo/SimpleDemo/app/build/intermediates/merged_res_blame_folder/debug/out/single/debug.json","language":"JSON","Filename":"debug.json","lines":66,"blank":0,"code":66,"comment":0,"efficientComment":0},{"filePath":"/Users/gaojunfeng/Downloads/cloud_gaming_android/TcrSdkDemo/SimpleDemo/app/build/intermediates/manifest_merge_blame_file/debug/manifest-merger-blame-debug-report.txt","language":"Plain Text","Filename":"manifest-merger-blame-debug-report.txt","lines":86,"blank":0,"code":86,"comment":0,"efficientComment":0},{"filePath":"/Users/gaojunfeng/Downloads/cloud_gaming_android/TcrSdkDemo/SimpleDemo/app/build/intermediates/incremental/mergeDebugShaders/merger.xml","language":"XML","Filename":"merger.xml","lines":2,"blank":0,"code":2,"comment":0,"efficientComment":0},{"filePath":"/Users/gaojunfeng/Downloads/cloud_gaming_android/TcrSdkDemo/SimpleDemo/app/build/intermediates/incremental/mergeDebugJniLibFolders/merger.xml","language":"XML","Filename":"merger.xml","lines":2,"blank":0,"code":2,"comment":0,"efficientComment":0},{"filePath":"/Users/gaojunfeng/Downloads/cloud_gaming_android/TcrSdkDemo/SimpleDemo/app/build/intermediates/incremental/packageDebug/tmp/debug/dex-renamer-state.txt","language":"Plain Text","Filename":"dex-renamer-state.txt","lines":16,"blank":0,"code":16,"comment":0,"efficientComment":0},{"filePath":"/Users/gaojunfeng/Downloads/cloud_gaming_android/TcrSdkDemo/SimpleDemo/app/build/intermediates/incremental/mergeDebugAssets/merger.xml","language":"XML","Filename":"merger.xml","lines":2,"blank":0,"code":2,"comment":0,"efficientComment":0},{"filePath":"/Users/gaojunfeng/Downloads/cloud_gaming_android/TcrSdkDemo/SimpleDemo/app/build/intermediates/incremental/dataBindingGenBaseClassesDebug/base_builder_log.json","language":"JSON","Filename":"base_builder_log.json","lines":13,"blank":0,"code":13,"comment":0,"efficientComment":0},{"filePath":"/Users/gaojunfeng/Downloads/cloud_gaming_android/TcrSdkDemo/SimpleDemo/app/build/intermediates/incremental/debug/mergeDebugResources/compile-file-map.properties","language":"Properties File","Filename":"compile-file-map.properties","lines":16,"blank":0,"code":15,"comment":1,"efficientComment":0},{"filePath":"/Users/gaojunfeng/Downloads/cloud_gaming_android/TcrSdkDemo/SimpleDemo/app/build/intermediates/incremental/debug/mergeDebugResources/stripped.dir/layout/activity_main.xml","language":"XML","Filename":"activity_main.xml","lines":26,"blank":1,"code":25,"comment":0,"efficientComment":0},{"filePath":"/Users/gaojunfeng/Downloads/cloud_gaming_android/TcrSdkDemo/SimpleDemo/app/build/intermediates/incremental/debug/mergeDebugResources/merger.xml","language":"XML","Filename":"merger.xml","lines":12022,"blank":3100,"code":8922,"comment":0,"efficientComment":0},{"filePath":"/Users/gaojunfeng/Downloads/cloud_gaming_android/TcrSdkDemo/SimpleDemo/app/build/intermediates/data_binding_layout_info_type_merge/debug/out/activity_main-layout.xml","language":"XML","Filename":"activity_main-layout.xml","lines":1,"blank":0,"code":1,"comment":0,"efficientComment":0},{"filePath":"/Users/gaojunfeng/Downloads/cloud_gaming_android/TcrSdkDemo/SimpleDemo/app/build/intermediates/data_binding_artifact/debug/com.tencent.simpledemo-setter_store.json","language":"JSON","Filename":"com.tencent.simpledemo-setter_store.json","lines":1,"blank":0,"code":1,"comment":0,"efficientComment":0},{"filePath":"/Users/gaojunfeng/Downloads/cloud_gaming_android/TcrSdkDemo/SimpleDemo/app/build/intermediates/data_binding_base_class_log_artifact/debug/out/com.tencent.simpledemo-binding_classes.json","language":"JSON","Filename":"com.tencent.simpledemo-binding_classes.json","lines":10,"blank":0,"code":10,"comment":0,"efficientComment":0},{"filePath":"/Users/gaojunfeng/Downloads/cloud_gaming_android/TcrSdkDemo/SimpleDemo/app/build/intermediates/compatible_screen_manifest/debug/output-metadata.json","language":"JSON","Filename":"output-metadata.json","lines":10,"blank":0,"code":10,"comment":0,"efficientComment":0},{"filePath":"/Users/gaojunfeng/Downloads/cloud_gaming_android/TcrSdkDemo/SimpleDemo/app/build/intermediates/apk_ide_redirect_file/debug/redirect.txt","language":"Plain Text","Filename":"redirect.txt","lines":2,"blank":0,"code":2,"comment":0,"efficientComment":0},{"filePath":"/Users/gaojunfeng/Downloads/cloud_gaming_android/TcrSdkDemo/SimpleDemo/app/build/intermediates/app_metadata/debug/app-metadata.properties","language":"Properties File","Filename":"app-metadata.properties","lines":2,"blank":0,"code":2,"comment":0,"efficientComment":0},{"filePath":"/Users/gaojunfeng/Downloads/cloud_gaming_android/TcrSdkDemo/SimpleDemo/app/build/intermediates/apk/debug/output-metadata.json","language":"JSON","Filename":"output-metadata.json","lines":20,"blank":0,"code":20,"comment":0,"efficientComment":0},{"filePath":"/Users/gaojunfeng/Downloads/cloud_gaming_android/TcrSdkDemo/SimpleDemo/app/build/intermediates/annotation_processor_list/debug/annotationProcessors.json","language":"JSON","Filename":"annotationProcessors.json","lines":1,"blank":0,"code":1,"comment":0,"efficientComment":0},{"filePath":"/Users/gaojunfeng/Downloads/cloud_gaming_android/TcrSdkDemo/SimpleDemo/app/build/intermediates/merged_res_blame_folder/debug/out/multi-v2/values-b+sr+Latn.json","language":"JSON","Filename":"values-b+sr+Latn.json","lines":62,"blank":0,"code":62,"comment":0,"efficientComment":0},{"filePath":"/Users/gaojunfeng/Downloads/cloud_gaming_android/TcrSdkDemo/SimpleDemo/app/build/intermediates/merged_res_blame_folder/debug/out/multi-v2/values-bs.json","language":"JSON","Filename":"values-bs.json","lines":62,"blank":0,"code":62,"comment":0,"efficientComment":0},{"filePath":"/Users/gaojunfeng/Downloads/cloud_gaming_android/TcrSdkDemo/SimpleDemo/app/build/intermediates/merged_res_blame_folder/debug/out/multi-v2/values-am.json","language":"JSON","Filename":"values-am.json","lines":62,"blank":0,"code":62,"comment":0,"efficientComment":0},{"filePath":"/Users/gaojunfeng/Downloads/cloud_gaming_android/TcrSdkDemo/SimpleDemo/app/build/intermediates/merged_res_blame_folder/debug/out/multi-v2/values-az.json","language":"JSON","Filename":"values-az.json","lines":62,"blank":0,"code":62,"comment":0,"efficientComment":0},{"filePath":"/Users/gaojunfeng/Downloads/cloud_gaming_android/TcrSdkDemo/SimpleDemo/app/build/intermediates/merged_res_blame_folder/debug/out/multi-v2/values-es-rUS.json","language":"JSON","Filename":"values-es-rUS.json","lines":62,"blank":0,"code":62,"comment":0,"efficientComment":0},{"filePath":"/Users/gaojunfeng/Downloads/cloud_gaming_android/TcrSdkDemo/SimpleDemo/app/build/intermediates/merged_res_blame_folder/debug/out/multi-v2/values-be.json","language":"JSON","Filename":"values-be.json","lines":62,"blank":0,"code":62,"comment":0,"efficientComment":0},{"filePath":"/Users/gaojunfeng/Downloads/cloud_gaming_android/TcrSdkDemo/SimpleDemo/app/build/intermediates/merged_res_blame_folder/debug/out/multi-v2/values-ar.json","language":"JSON","Filename":"values-ar.json","lines":62,"blank":0,"code":62,"comment":0,"efficientComment":0},{"filePath":"/Users/gaojunfeng/Downloads/cloud_gaming_android/TcrSdkDemo/SimpleDemo/app/build/intermediates/merged_res_blame_folder/debug/out/multi-v2/values-b+es+419.json","language":"JSON","Filename":"values-b+es+419.json","lines":20,"blank":0,"code":20,"comment":0,"efficientComment":0},{"filePath":"/Users/gaojunfeng/Downloads/cloud_gaming_android/TcrSdkDemo/SimpleDemo/app/build/intermediates/merged_res_blame_folder/debug/out/multi-v2/values-bg.json","language":"JSON","Filename":"values-bg.json","lines":62,"blank":0,"code":62,"comment":0,"efficientComment":0},{"filePath":"/Users/gaojunfeng/Downloads/cloud_gaming_android/TcrSdkDemo/SimpleDemo/app/build/intermediates/merged_res_blame_folder/debug/out/multi-v2/values-as.json","language":"JSON","Filename":"values-as.json","lines":62,"blank":0,"code":62,"comment":0,"efficientComment":0},{"filePath":"/Users/gaojunfeng/Downloads/cloud_gaming_android/TcrSdkDemo/SimpleDemo/app/build/intermediates/merged_res_blame_folder/debug/out/multi-v2/values-cs.json","language":"JSON","Filename":"values-cs.json","lines":62,"blank":0,"code":62,"comment":0,"efficientComment":0},{"filePath":"/Users/gaojunfeng/Downloads/cloud_gaming_android/TcrSdkDemo/SimpleDemo/app/build/intermediates/merged_res_blame_folder/debug/out/multi-v2/values-en-rCA.json","language":"JSON","Filename":"values-en-rCA.json","lines":36,"blank":0,"code":36,"comment":0,"efficientComment":0},{"filePath":"/Users/gaojunfeng/Downloads/cloud_gaming_android/TcrSdkDemo/SimpleDemo/app/build/intermediates/merged_res_blame_folder/debug/out/multi-v2/values-en-rAU.json","language":"JSON","Filename":"values-en-rAU.json","lines":36,"blank":0,"code":36,"comment":0,"efficientComment":0},{"filePath":"/Users/gaojunfeng/Downloads/cloud_gaming_android/TcrSdkDemo/SimpleDemo/app/build/intermediates/merged_res_blame_folder/debug/out/multi-v2/values-bn.json","language":"JSON","Filename":"values-bn.json","lines":62,"blank":0,"code":62,"comment":0,"efficientComment":0},{"filePath":"/Users/gaojunfeng/Downloads/cloud_gaming_android/TcrSdkDemo/SimpleDemo/app/build/intermediates/merged_res_blame_folder/debug/out/multi-v2/values-af.json","language":"JSON","Filename":"values-af.json","lines":62,"blank":0,"code":62,"comment":0,"efficientComment":0},{"filePath":"/Users/gaojunfeng/Downloads/cloud_gaming_android/TcrSdkDemo/SimpleDemo/app/build/intermediates/merged_res_blame_folder/debug/out/multi-v2/values-ca.json","language":"JSON","Filename":"values-ca.json","lines":62,"blank":0,"code":62,"comment":0,"efficientComment":0},{"filePath":"/Users/gaojunfeng/Downloads/cloud_gaming_android/TcrSdkDemo/SimpleDemo/app/build/intermediates/merged_res_blame_folder/debug/out/multi-v2/values-el.json","language":"JSON","Filename":"values-el.json","lines":62,"blank":0,"code":62,"comment":0,"efficientComment":0},{"filePath":"/Users/gaojunfeng/Downloads/cloud_gaming_android/TcrSdkDemo/SimpleDemo/app/build/intermediates/merged_res_blame_folder/debug/out/multi-v2/values-en-rGB.json","language":"JSON","Filename":"values-en-rGB.json","lines":62,"blank":0,"code":62,"comment":0,"efficientComment":0},{"filePath":"/Users/gaojunfeng/Downloads/cloud_gaming_android/TcrSdkDemo/SimpleDemo/app/build/intermediates/merged_res_blame_folder/debug/out/multi-v2/values-da.json","language":"JSON","Filename":"values-da.json","lines":62,"blank":0,"code":62,"comment":0,"efficientComment":0},{"filePath":"/Users/gaojunfeng/Downloads/cloud_gaming_android/TcrSdkDemo/SimpleDemo/app/build/intermediates/merged_res_blame_folder/debug/out/multi-v2/values-de.json","language":"JSON","Filename":"values-de.json","lines":62,"blank":0,"code":62,"comment":0,"efficientComment":0},{"filePath":"/Users/gaojunfeng/Downloads/cloud_gaming_android/TcrSdkDemo/SimpleDemo/app/build/intermediates/merged_res_blame_folder/debug/out/multi-v2/values-en-rXC.json","language":"JSON","Filename":"values-en-rXC.json","lines":36,"blank":0,"code":36,"comment":0,"efficientComment":0},{"filePath":"/Users/gaojunfeng/Downloads/cloud_gaming_android/TcrSdkDemo/SimpleDemo/app/build/intermediates/merged_res_blame_folder/debug/out/multi-v2/values-et.json","language":"JSON","Filename":"values-et.json","lines":62,"blank":0,"code":62,"comment":0,"efficientComment":0},{"filePath":"/Users/gaojunfeng/Downloads/cloud_gaming_android/TcrSdkDemo/SimpleDemo/app/build/intermediates/merged_res_blame_folder/debug/out/multi-v2/values-fr.json","language":"JSON","Filename":"values-fr.json","lines":62,"blank":0,"code":62,"comment":0,"efficientComment":0},{"filePath":"/Users/gaojunfeng/Downloads/cloud_gaming_android/TcrSdkDemo/SimpleDemo/app/build/intermediates/merged_res_blame_folder/debug/out/multi-v2/values-fi.json","language":"JSON","Filename":"values-fi.json","lines":62,"blank":0,"code":62,"comment":0,"efficientComment":0},{"filePath":"/Users/gaojunfeng/Downloads/cloud_gaming_android/TcrSdkDemo/SimpleDemo/app/build/intermediates/merged_res_blame_folder/debug/out/multi-v2/values-gl.json","language":"JSON","Filename":"values-gl.json","lines":62,"blank":0,"code":62,"comment":0,"efficientComment":0},{"filePath":"/Users/gaojunfeng/Downloads/cloud_gaming_android/TcrSdkDemo/SimpleDemo/app/build/intermediates/merged_res_blame_folder/debug/out/multi-v2/values-fa.json","language":"JSON","Filename":"values-fa.json","lines":62,"blank":0,"code":62,"comment":0,"efficientComment":0},{"filePath":"/Users/gaojunfeng/Downloads/cloud_gaming_android/TcrSdkDemo/SimpleDemo/app/build/intermediates/merged_res_blame_folder/debug/out/multi-v2/values-eu.json","language":"JSON","Filename":"values-eu.json","lines":62,"blank":0,"code":62,"comment":0,"efficientComment":0},{"filePath":"/Users/gaojunfeng/Downloads/cloud_gaming_android/TcrSdkDemo/SimpleDemo/app/build/intermediates/merged_res_blame_folder/debug/out/multi-v2/values-gu.json","language":"JSON","Filename":"values-gu.json","lines":62,"blank":0,"code":62,"comment":0,"efficientComment":0},{"filePath":"/Users/gaojunfeng/Downloads/cloud_gaming_android/TcrSdkDemo/SimpleDemo/app/build/intermediates/merged_res_blame_folder/debug/out/multi-v2/values-en-rIN.json","language":"JSON","Filename":"values-en-rIN.json","lines":36,"blank":0,"code":36,"comment":0,"efficientComment":0},{"filePath":"/Users/gaojunfeng/Downloads/cloud_gaming_android/TcrSdkDemo/SimpleDemo/app/build/intermediates/merged_res_blame_folder/debug/out/multi-v2/values-fr-rCA.json","language":"JSON","Filename":"values-fr-rCA.json","lines":62,"blank":0,"code":62,"comment":0,"efficientComment":0},{"filePath":"/Users/gaojunfeng/Downloads/cloud_gaming_android/TcrSdkDemo/SimpleDemo/app/build/intermediates/merged_res_blame_folder/debug/out/multi-v2/values-es.json","language":"JSON","Filename":"values-es.json","lines":62,"blank":0,"code":62,"comment":0,"efficientComment":0},{"filePath":"/Users/gaojunfeng/Downloads/cloud_gaming_android/TcrSdkDemo/SimpleDemo/app/build/intermediates/merged_res_blame_folder/debug/out/multi-v2/values-h360dp-land-v13.json","language":"JSON","Filename":"values-h360dp-land-v13.json","lines":19,"blank":0,"code":19,"comment":0,"efficientComment":0},{"filePath":"/Users/gaojunfeng/Downloads/cloud_gaming_android/TcrSdkDemo/SimpleDemo/app/build/intermediates/merged_res_blame_folder/debug/out/multi-v2/values-h320dp-port-v13.json","language":"JSON","Filename":"values-h320dp-port-v13.json","lines":19,"blank":0,"code":19,"comment":0,"efficientComment":0},{"filePath":"/Users/gaojunfeng/Downloads/cloud_gaming_android/TcrSdkDemo/SimpleDemo/app/build/intermediates/merged_res_blame_folder/debug/out/multi-v2/values-h550dp-port-v13.json","language":"JSON","Filename":"values-h550dp-port-v13.json","lines":19,"blank":0,"code":19,"comment":0,"efficientComment":0},{"filePath":"/Users/gaojunfeng/Downloads/cloud_gaming_android/TcrSdkDemo/SimpleDemo/app/build/intermediates/merged_res_blame_folder/debug/out/multi-v2/values-h480dp-land-v13.json","language":"JSON","Filename":"values-h480dp-land-v13.json","lines":19,"blank":0,"code":19,"comment":0,"efficientComment":0},{"filePath":"/Users/gaojunfeng/Downloads/cloud_gaming_android/TcrSdkDemo/SimpleDemo/app/build/intermediates/merged_res_blame_folder/debug/out/multi-v2/values-h720dp-v13.json","language":"JSON","Filename":"values-h720dp-v13.json","lines":19,"blank":0,"code":19,"comment":0,"efficientComment":0},{"filePath":"/Users/gaojunfeng/Downloads/cloud_gaming_android/TcrSdkDemo/SimpleDemo/app/build/intermediates/merged_res_blame_folder/debug/out/multi-v2/values-hr.json","language":"JSON","Filename":"values-hr.json","lines":62,"blank":0,"code":62,"comment":0,"efficientComment":0},{"filePath":"/Users/gaojunfeng/Downloads/cloud_gaming_android/TcrSdkDemo/SimpleDemo/app/build/intermediates/merged_res_blame_folder/debug/out/multi-v2/values-is.json","language":"JSON","Filename":"values-is.json","lines":62,"blank":0,"code":62,"comment":0,"efficientComment":0},{"filePath":"/Users/gaojunfeng/Downloads/cloud_gaming_android/TcrSdkDemo/SimpleDemo/app/build/intermediates/merged_res_blame_folder/debug/out/multi-v2/values-hi.json","language":"JSON","Filename":"values-hi.json","lines":62,"blank":0,"code":62,"comment":0,"efficientComment":0},{"filePath":"/Users/gaojunfeng/Downloads/cloud_gaming_android/TcrSdkDemo/SimpleDemo/app/build/intermediates/merged_res_blame_folder/debug/out/multi-v2/values-in.json","language":"JSON","Filename":"values-in.json","lines":62,"blank":0,"code":62,"comment":0,"efficientComment":0},{"filePath":"/Users/gaojunfeng/Downloads/cloud_gaming_android/TcrSdkDemo/SimpleDemo/app/build/intermediates/merged_res_blame_folder/debug/out/multi-v2/values-hdpi-v4.json","language":"JSON","Filename":"values-hdpi-v4.json","lines":20,"blank":0,"code":20,"comment":0,"efficientComment":0},{"filePath":"/Users/gaojunfeng/Downloads/cloud_gaming_android/TcrSdkDemo/SimpleDemo/app/build/intermediates/merged_res_blame_folder/debug/out/multi-v2/values-kk.json","language":"JSON","Filename":"values-kk.json","lines":62,"blank":0,"code":62,"comment":0,"efficientComment":0},{"filePath":"/Users/gaojunfeng/Downloads/cloud_gaming_android/TcrSdkDemo/SimpleDemo/app/build/intermediates/merged_res_blame_folder/debug/out/multi-v2/values-hu.json","language":"JSON","Filename":"values-hu.json","lines":62,"blank":0,"code":62,"comment":0,"efficientComment":0},{"filePath":"/Users/gaojunfeng/Downloads/cloud_gaming_android/TcrSdkDemo/SimpleDemo/app/build/intermediates/merged_res_blame_folder/debug/out/multi-v2/values-ja.json","language":"JSON","Filename":"values-ja.json","lines":62,"blank":0,"code":62,"comment":0,"efficientComment":0},{"filePath":"/Users/gaojunfeng/Downloads/cloud_gaming_android/TcrSdkDemo/SimpleDemo/app/build/intermediates/merged_res_blame_folder/debug/out/multi-v2/values-iw.json","language":"JSON","Filename":"values-iw.json","lines":62,"blank":0,"code":62,"comment":0,"efficientComment":0},{"filePath":"/Users/gaojunfeng/Downloads/cloud_gaming_android/TcrSdkDemo/SimpleDemo/app/build/intermediates/merged_res_blame_folder/debug/out/multi-v2/values-ka.json","language":"JSON","Filename":"values-ka.json","lines":62,"blank":0,"code":62,"comment":0,"efficientComment":0},{"filePath":"/Users/gaojunfeng/Downloads/cloud_gaming_android/TcrSdkDemo/SimpleDemo/app/build/intermediates/merged_res_blame_folder/debug/out/multi-v2/values-hy.json","language":"JSON","Filename":"values-hy.json","lines":62,"blank":0,"code":62,"comment":0,"efficientComment":0},{"filePath":"/Users/gaojunfeng/Downloads/cloud_gaming_android/TcrSdkDemo/SimpleDemo/app/build/intermediates/merged_res_blame_folder/debug/out/multi-v2/values-land.json","language":"JSON","Filename":"values-land.json","lines":38,"blank":0,"code":38,"comment":0,"efficientComment":0},{"filePath":"/Users/gaojunfeng/Downloads/cloud_gaming_android/TcrSdkDemo/SimpleDemo/app/build/intermediates/merged_res_blame_folder/debug/out/multi-v2/values-large-v4.json","language":"JSON","Filename":"values-large-v4.json","lines":38,"blank":0,"code":38,"comment":0,"efficientComment":0},{"filePath":"/Users/gaojunfeng/Downloads/cloud_gaming_android/TcrSdkDemo/SimpleDemo/app/build/intermediates/merged_res_blame_folder/debug/out/multi-v2/values-ldltr-v21.json","language":"JSON","Filename":"values-ldltr-v21.json","lines":19,"blank":0,"code":19,"comment":0,"efficientComment":0},{"filePath":"/Users/gaojunfeng/Downloads/cloud_gaming_android/TcrSdkDemo/SimpleDemo/app/build/intermediates/merged_res_blame_folder/debug/out/multi-v2/values-ko.json","language":"JSON","Filename":"values-ko.json","lines":62,"blank":0,"code":62,"comment":0,"efficientComment":0},{"filePath":"/Users/gaojunfeng/Downloads/cloud_gaming_android/TcrSdkDemo/SimpleDemo/app/build/intermediates/merged_res_blame_folder/debug/out/multi-v2/values-kn.json","language":"JSON","Filename":"values-kn.json","lines":62,"blank":0,"code":62,"comment":0,"efficientComment":0},{"filePath":"/Users/gaojunfeng/Downloads/cloud_gaming_android/TcrSdkDemo/SimpleDemo/app/build/intermediates/merged_res_blame_folder/debug/out/multi-v2/values-ky.json","language":"JSON","Filename":"values-ky.json","lines":62,"blank":0,"code":62,"comment":0,"efficientComment":0},{"filePath":"/Users/gaojunfeng/Downloads/cloud_gaming_android/TcrSdkDemo/SimpleDemo/app/build/intermediates/merged_res_blame_folder/debug/out/multi-v2/values-it.json","language":"JSON","Filename":"values-it.json","lines":62,"blank":0,"code":62,"comment":0,"efficientComment":0},{"filePath":"/Users/gaojunfeng/Downloads/cloud_gaming_android/TcrSdkDemo/SimpleDemo/app/build/intermediates/merged_res_blame_folder/debug/out/multi-v2/values-km.json","language":"JSON","Filename":"values-km.json","lines":62,"blank":0,"code":62,"comment":0,"efficientComment":0},{"filePath":"/Users/gaojunfeng/Downloads/cloud_gaming_android/TcrSdkDemo/SimpleDemo/app/build/intermediates/merged_res_blame_folder/debug/out/multi-v2/values-nb.json","language":"JSON","Filename":"values-nb.json","lines":62,"blank":0,"code":62,"comment":0,"efficientComment":0},{"filePath":"/Users/gaojunfeng/Downloads/cloud_gaming_android/TcrSdkDemo/SimpleDemo/app/build/intermediates/merged_res_blame_folder/debug/out/multi-v2/values-my.json","language":"JSON","Filename":"values-my.json","lines":62,"blank":0,"code":62,"comment":0,"efficientComment":0},{"filePath":"/Users/gaojunfeng/Downloads/cloud_gaming_android/TcrSdkDemo/SimpleDemo/app/build/intermediates/merged_res_blame_folder/debug/out/multi-v2/values-ms.json","language":"JSON","Filename":"values-ms.json","lines":62,"blank":0,"code":62,"comment":0,"efficientComment":0},{"filePath":"/Users/gaojunfeng/Downloads/cloud_gaming_android/TcrSdkDemo/SimpleDemo/app/build/intermediates/merged_res_blame_folder/debug/out/multi-v2/values-lo.json","language":"JSON","Filename":"values-lo.json","lines":62,"blank":0,"code":62,"comment":0,"efficientComment":0},{"filePath":"/Users/gaojunfeng/Downloads/cloud_gaming_android/TcrSdkDemo/SimpleDemo/app/build/intermediates/merged_res_blame_folder/debug/out/multi-v2/values-ml.json","language":"JSON","Filename":"values-ml.json","lines":62,"blank":0,"code":62,"comment":0,"efficientComment":0},{"filePath":"/Users/gaojunfeng/Downloads/cloud_gaming_android/TcrSdkDemo/SimpleDemo/app/build/intermediates/merged_res_blame_folder/debug/out/multi-v2/values-ne.json","language":"JSON","Filename":"values-ne.json","lines":62,"blank":0,"code":62,"comment":0,"efficientComment":0},{"filePath":"/Users/gaojunfeng/Downloads/cloud_gaming_android/TcrSdkDemo/SimpleDemo/app/build/intermediates/merged_res_blame_folder/debug/out/multi-v2/values-mr.json","language":"JSON","Filename":"values-mr.json","lines":62,"blank":0,"code":62,"comment":0,"efficientComment":0},{"filePath":"/Users/gaojunfeng/Downloads/cloud_gaming_android/TcrSdkDemo/SimpleDemo/app/build/intermediates/merged_res_blame_folder/debug/out/multi-v2/values-mk.json","language":"JSON","Filename":"values-mk.json","lines":62,"blank":0,"code":62,"comment":0,"efficientComment":0},{"filePath":"/Users/gaojunfeng/Downloads/cloud_gaming_android/TcrSdkDemo/SimpleDemo/app/build/intermediates/merged_res_blame_folder/debug/out/multi-v2/values-lv.json","language":"JSON","Filename":"values-lv.json","lines":62,"blank":0,"code":62,"comment":0,"efficientComment":0},{"filePath":"/Users/gaojunfeng/Downloads/cloud_gaming_android/TcrSdkDemo/SimpleDemo/app/build/intermediates/merged_res_blame_folder/debug/out/multi-v2/values-ldrtl-v17.json","language":"JSON","Filename":"values-ldrtl-v17.json","lines":19,"blank":0,"code":19,"comment":0,"efficientComment":0},{"filePath":"/Users/gaojunfeng/Downloads/cloud_gaming_android/TcrSdkDemo/SimpleDemo/app/build/intermediates/merged_res_blame_folder/debug/out/multi-v2/values-lt.json","language":"JSON","Filename":"values-lt.json","lines":62,"blank":0,"code":62,"comment":0,"efficientComment":0},{"filePath":"/Users/gaojunfeng/Downloads/cloud_gaming_android/TcrSdkDemo/SimpleDemo/app/build/intermediates/merged_res_blame_folder/debug/out/multi-v2/values-mn.json","language":"JSON","Filename":"values-mn.json","lines":62,"blank":0,"code":62,"comment":0,"efficientComment":0},{"filePath":"/Users/gaojunfeng/Downloads/cloud_gaming_android/TcrSdkDemo/SimpleDemo/app/build/intermediates/merged_res_blame_folder/debug/out/multi-v2/values-pl.json","language":"JSON","Filename":"values-pl.json","lines":62,"blank":0,"code":62,"comment":0,"efficientComment":0},{"filePath":"/Users/gaojunfeng/Downloads/cloud_gaming_android/TcrSdkDemo/SimpleDemo/app/build/intermediates/merged_res_blame_folder/debug/out/multi-v2/values-pt-rPT.json","language":"JSON","Filename":"values-pt-rPT.json","lines":62,"blank":0,"code":62,"comment":0,"efficientComment":0},{"filePath":"/Users/gaojunfeng/Downloads/cloud_gaming_android/TcrSdkDemo/SimpleDemo/app/build/intermediates/merged_res_blame_folder/debug/out/multi-v2/values-nl.json","language":"JSON","Filename":"values-nl.json","lines":62,"blank":0,"code":62,"comment":0,"efficientComment":0},{"filePath":"/Users/gaojunfeng/Downloads/cloud_gaming_android/TcrSdkDemo/SimpleDemo/app/build/intermediates/merged_res_blame_folder/debug/out/multi-v2/values-pa.json","language":"JSON","Filename":"values-pa.json","lines":62,"blank":0,"code":62,"comment":0,"efficientComment":0},{"filePath":"/Users/gaojunfeng/Downloads/cloud_gaming_android/TcrSdkDemo/SimpleDemo/app/build/intermediates/merged_res_blame_folder/debug/out/multi-v2/values-night-v8.json","language":"JSON","Filename":"values-night-v8.json","lines":62,"blank":0,"code":62,"comment":0,"efficientComment":0},{"filePath":"/Users/gaojunfeng/Downloads/cloud_gaming_android/TcrSdkDemo/SimpleDemo/app/build/intermediates/merged_res_blame_folder/debug/out/multi-v2/values-or.json","language":"JSON","Filename":"values-or.json","lines":62,"blank":0,"code":62,"comment":0,"efficientComment":0},{"filePath":"/Users/gaojunfeng/Downloads/cloud_gaming_android/TcrSdkDemo/SimpleDemo/app/build/intermediates/merged_res_blame_folder/debug/out/multi-v2/values-ru.json","language":"JSON","Filename":"values-ru.json","lines":62,"blank":0,"code":62,"comment":0,"efficientComment":0},{"filePath":"/Users/gaojunfeng/Downloads/cloud_gaming_android/TcrSdkDemo/SimpleDemo/app/build/intermediates/merged_res_blame_folder/debug/out/multi-v2/values-pt.json","language":"JSON","Filename":"values-pt.json","lines":36,"blank":0,"code":36,"comment":0,"efficientComment":0},{"filePath":"/Users/gaojunfeng/Downloads/cloud_gaming_android/TcrSdkDemo/SimpleDemo/app/build/intermediates/merged_res_blame_folder/debug/out/multi-v2/values-ro.json","language":"JSON","Filename":"values-ro.json","lines":62,"blank":0,"code":62,"comment":0,"efficientComment":0},{"filePath":"/Users/gaojunfeng/Downloads/cloud_gaming_android/TcrSdkDemo/SimpleDemo/app/build/intermediates/merged_res_blame_folder/debug/out/multi-v2/values-sw.json","language":"JSON","Filename":"values-sw.json","lines":62,"blank":0,"code":62,"comment":0,"efficientComment":0},{"filePath":"/Users/gaojunfeng/Downloads/cloud_gaming_android/TcrSdkDemo/SimpleDemo/app/build/intermediates/merged_res_blame_folder/debug/out/multi-v2/values-si.json","language":"JSON","Filename":"values-si.json","lines":62,"blank":0,"code":62,"comment":0,"efficientComment":0},{"filePath":"/Users/gaojunfeng/Downloads/cloud_gaming_android/TcrSdkDemo/SimpleDemo/app/build/intermediates/merged_res_blame_folder/debug/out/multi-v2/values-small-v4.json","language":"JSON","Filename":"values-small-v4.json","lines":19,"blank":0,"code":19,"comment":0,"efficientComment":0},{"filePath":"/Users/gaojunfeng/Downloads/cloud_gaming_android/TcrSdkDemo/SimpleDemo/app/build/intermediates/merged_res_blame_folder/debug/out/multi-v2/values-pt-rBR.json","language":"JSON","Filename":"values-pt-rBR.json","lines":62,"blank":0,"code":62,"comment":0,"efficientComment":0},{"filePath":"/Users/gaojunfeng/Downloads/cloud_gaming_android/TcrSdkDemo/SimpleDemo/app/build/intermediates/merged_res_blame_folder/debug/out/multi-v2/values-port.json","language":"JSON","Filename":"values-port.json","lines":19,"blank":0,"code":19,"comment":0,"efficientComment":0},{"filePath":"/Users/gaojunfeng/Downloads/cloud_gaming_android/TcrSdkDemo/SimpleDemo/app/build/intermediates/merged_res_blame_folder/debug/out/multi-v2/values-sl.json","language":"JSON","Filename":"values-sl.json","lines":62,"blank":0,"code":62,"comment":0,"efficientComment":0},{"filePath":"/Users/gaojunfeng/Downloads/cloud_gaming_android/TcrSdkDemo/SimpleDemo/app/build/intermediates/merged_res_blame_folder/debug/out/multi-v2/values-sq.json","language":"JSON","Filename":"values-sq.json","lines":62,"blank":0,"code":62,"comment":0,"efficientComment":0},{"filePath":"/Users/gaojunfeng/Downloads/cloud_gaming_android/TcrSdkDemo/SimpleDemo/app/build/intermediates/merged_res_blame_folder/debug/out/multi-v2/values-sk.json","language":"JSON","Filename":"values-sk.json","lines":62,"blank":0,"code":62,"comment":0,"efficientComment":0},{"filePath":"/Users/gaojunfeng/Downloads/cloud_gaming_android/TcrSdkDemo/SimpleDemo/app/build/intermediates/merged_res_blame_folder/debug/out/multi-v2/values-ur.json","language":"JSON","Filename":"values-ur.json","lines":62,"blank":0,"code":62,"comment":0,"efficientComment":0},{"filePath":"/Users/gaojunfeng/Downloads/cloud_gaming_android/TcrSdkDemo/SimpleDemo/app/build/intermediates/merged_res_blame_folder/debug/out/multi-v2/values-ta.json","language":"JSON","Filename":"values-ta.json","lines":62,"blank":0,"code":62,"comment":0,"efficientComment":0},{"filePath":"/Users/gaojunfeng/Downloads/cloud_gaming_android/TcrSdkDemo/SimpleDemo/app/build/intermediates/merged_res_blame_folder/debug/out/multi-v2/values-tl.json","language":"JSON","Filename":"values-tl.json","lines":62,"blank":0,"code":62,"comment":0,"efficientComment":0},{"filePath":"/Users/gaojunfeng/Downloads/cloud_gaming_android/TcrSdkDemo/SimpleDemo/app/build/intermediates/merged_res_blame_folder/debug/out/multi-v2/values-sv.json","language":"JSON","Filename":"values-sv.json","lines":62,"blank":0,"code":62,"comment":0,"efficientComment":0},{"filePath":"/Users/gaojunfeng/Downloads/cloud_gaming_android/TcrSdkDemo/SimpleDemo/app/build/intermediates/merged_res_blame_folder/debug/out/multi-v2/values-v17.json","language":"JSON","Filename":"values-v17.json","lines":20,"blank":0,"code":20,"comment":0,"efficientComment":0},{"filePath":"/Users/gaojunfeng/Downloads/cloud_gaming_android/TcrSdkDemo/SimpleDemo/app/build/intermediates/merged_res_blame_folder/debug/out/multi-v2/values-sr.json","language":"JSON","Filename":"values-sr.json","lines":62,"blank":0,"code":62,"comment":0,"efficientComment":0},{"filePath":"/Users/gaojunfeng/Downloads/cloud_gaming_android/TcrSdkDemo/SimpleDemo/app/build/intermediates/merged_res_blame_folder/debug/out/multi-v2/values-th.json","language":"JSON","Filename":"values-th.json","lines":62,"blank":0,"code":62,"comment":0,"efficientComment":0},{"filePath":"/Users/gaojunfeng/Downloads/cloud_gaming_android/TcrSdkDemo/SimpleDemo/app/build/intermediates/merged_res_blame_folder/debug/out/multi-v2/values-te.json","language":"JSON","Filename":"values-te.json","lines":62,"blank":0,"code":62,"comment":0,"efficientComment":0},{"filePath":"/Users/gaojunfeng/Downloads/cloud_gaming_android/TcrSdkDemo/SimpleDemo/app/build/intermediates/merged_res_blame_folder/debug/out/multi-v2/values-v16.json","language":"JSON","Filename":"values-v16.json","lines":38,"blank":0,"code":38,"comment":0,"efficientComment":0},{"filePath":"/Users/gaojunfeng/Downloads/cloud_gaming_android/TcrSdkDemo/SimpleDemo/app/build/intermediates/merged_res_blame_folder/debug/out/multi-v2/values-uk.json","language":"JSON","Filename":"values-uk.json","lines":62,"blank":0,"code":62,"comment":0,"efficientComment":0},{"filePath":"/Users/gaojunfeng/Downloads/cloud_gaming_android/TcrSdkDemo/SimpleDemo/app/build/intermediates/merged_res_blame_folder/debug/out/multi-v2/values-tr.json","language":"JSON","Filename":"values-tr.json","lines":62,"blank":0,"code":62,"comment":0,"efficientComment":0},{"filePath":"/Users/gaojunfeng/Downloads/cloud_gaming_android/TcrSdkDemo/SimpleDemo/app/build/intermediates/merged_res_blame_folder/debug/out/multi-v2/values-v23.json","language":"JSON","Filename":"values-v23.json","lines":66,"blank":0,"code":66,"comment":0,"efficientComment":0},{"filePath":"/Users/gaojunfeng/Downloads/cloud_gaming_android/TcrSdkDemo/SimpleDemo/app/build/intermediates/merged_res_blame_folder/debug/out/multi-v2/values-v18.json","language":"JSON","Filename":"values-v18.json","lines":19,"blank":0,"code":19,"comment":0,"efficientComment":0},{"filePath":"/Users/gaojunfeng/Downloads/cloud_gaming_android/TcrSdkDemo/SimpleDemo/app/build/intermediates/merged_res_blame_folder/debug/out/multi-v2/values-v26.json","language":"JSON","Filename":"values-v26.json","lines":28,"blank":0,"code":28,"comment":0,"efficientComment":0},{"filePath":"/Users/gaojunfeng/Downloads/cloud_gaming_android/TcrSdkDemo/SimpleDemo/app/build/intermediates/merged_res_blame_folder/debug/out/multi-v2/values-sw600dp-v13.json","language":"JSON","Filename":"values-sw600dp-v13.json","lines":38,"blank":0,"code":38,"comment":0,"efficientComment":0},{"filePath":"/Users/gaojunfeng/Downloads/cloud_gaming_android/TcrSdkDemo/SimpleDemo/app/build/intermediates/merged_res_blame_folder/debug/out/multi-v2/values-uz.json","language":"JSON","Filename":"values-uz.json","lines":62,"blank":0,"code":62,"comment":0,"efficientComment":0},{"filePath":"/Users/gaojunfeng/Downloads/cloud_gaming_android/TcrSdkDemo/SimpleDemo/app/build/intermediates/merged_res_blame_folder/debug/out/multi-v2/values-v21.json","language":"JSON","Filename":"values-v21.json","lines":66,"blank":0,"code":66,"comment":0,"efficientComment":0},{"filePath":"/Users/gaojunfeng/Downloads/cloud_gaming_android/TcrSdkDemo/SimpleDemo/app/build/intermediates/merged_res_blame_folder/debug/out/multi-v2/values-v31.json","language":"JSON","Filename":"values-v31.json","lines":28,"blank":0,"code":28,"comment":0,"efficientComment":0},{"filePath":"/Users/gaojunfeng/Downloads/cloud_gaming_android/TcrSdkDemo/SimpleDemo/app/build/intermediates/merged_res_blame_folder/debug/out/multi-v2/values-v25.json","language":"JSON","Filename":"values-v25.json","lines":20,"blank":0,"code":20,"comment":0,"efficientComment":0},{"filePath":"/Users/gaojunfeng/Downloads/cloud_gaming_android/TcrSdkDemo/SimpleDemo/app/build/intermediates/merged_res_blame_folder/debug/out/multi-v2/values-w480dp-port-v13.json","language":"JSON","Filename":"values-w480dp-port-v13.json","lines":19,"blank":0,"code":19,"comment":0,"efficientComment":0},{"filePath":"/Users/gaojunfeng/Downloads/cloud_gaming_android/TcrSdkDemo/SimpleDemo/app/build/intermediates/merged_res_blame_folder/debug/out/multi-v2/values-zh-rCN.json","language":"JSON","Filename":"values-zh-rCN.json","lines":62,"blank":0,"code":62,"comment":0,"efficientComment":0},{"filePath":"/Users/gaojunfeng/Downloads/cloud_gaming_android/TcrSdkDemo/SimpleDemo/app/build/intermediates/merged_res_blame_folder/debug/out/multi-v2/values-watch-v20.json","language":"JSON","Filename":"values-watch-v20.json","lines":20,"blank":0,"code":20,"comment":0,"efficientComment":0},{"filePath":"/Users/gaojunfeng/Downloads/cloud_gaming_android/TcrSdkDemo/SimpleDemo/app/build/intermediates/merged_res_blame_folder/debug/out/multi-v2/values-v24.json","language":"JSON","Filename":"values-v24.json","lines":38,"blank":0,"code":38,"comment":0,"efficientComment":0},{"filePath":"/Users/gaojunfeng/Downloads/cloud_gaming_android/TcrSdkDemo/SimpleDemo/app/build/intermediates/merged_res_blame_folder/debug/out/multi-v2/values-w360dp-port-v13.json","language":"JSON","Filename":"values-w360dp-port-v13.json","lines":19,"blank":0,"code":19,"comment":0,"efficientComment":0},{"filePath":"/Users/gaojunfeng/Downloads/cloud_gaming_android/TcrSdkDemo/SimpleDemo/app/build/intermediates/merged_res_blame_folder/debug/out/multi-v2/debug.json","language":"JSON","Filename":"debug.json","lines":5935,"blank":0,"code":5935,"comment":0,"efficientComment":0},{"filePath":"/Users/gaojunfeng/Downloads/cloud_gaming_android/TcrSdkDemo/SimpleDemo/app/build/intermediates/merged_res_blame_folder/debug/out/multi-v2/values-v28.json","language":"JSON","Filename":"values-v28.json","lines":38,"blank":0,"code":38,"comment":0,"efficientComment":0},{"filePath":"/Users/gaojunfeng/Downloads/cloud_gaming_android/TcrSdkDemo/SimpleDemo/app/build/intermediates/merged_res_blame_folder/debug/out/multi-v2/values-w600dp-land-v13.json","language":"JSON","Filename":"values-w600dp-land-v13.json","lines":19,"blank":0,"code":19,"comment":0,"efficientComment":0},{"filePath":"/Users/gaojunfeng/Downloads/cloud_gaming_android/TcrSdkDemo/SimpleDemo/app/build/intermediates/merged_res_blame_folder/debug/out/multi-v2/values-v22.json","language":"JSON","Filename":"values-v22.json","lines":28,"blank":0,"code":28,"comment":0,"efficientComment":0},{"filePath":"/Users/gaojunfeng/Downloads/cloud_gaming_android/TcrSdkDemo/SimpleDemo/app/build/intermediates/merged_res_blame_folder/debug/out/multi-v2/values.json","language":"JSON","Filename":"values.json","lines":356,"blank":0,"code":356,"comment":0,"efficientComment":0},{"filePath":"/Users/gaojunfeng/Downloads/cloud_gaming_android/TcrSdkDemo/SimpleDemo/app/build/intermediates/merged_res_blame_folder/debug/out/multi-v2/values-w320dp-land-v13.json","language":"JSON","Filename":"values-w320dp-land-v13.json","lines":19,"blank":0,"code":19,"comment":0,"efficientComment":0},{"filePath":"/Users/gaojunfeng/Downloads/cloud_gaming_android/TcrSdkDemo/SimpleDemo/app/build/intermediates/merged_res_blame_folder/debug/out/multi-v2/values-vi.json","language":"JSON","Filename":"values-vi.json","lines":62,"blank":0,"code":62,"comment":0,"efficientComment":0},{"filePath":"/Users/gaojunfeng/Downloads/cloud_gaming_android/TcrSdkDemo/SimpleDemo/app/build/intermediates/merged_res_blame_folder/debug/out/multi-v2/values-zu.json","language":"JSON","Filename":"values-zu.json","lines":62,"blank":0,"code":62,"comment":0,"efficientComment":0},{"filePath":"/Users/gaojunfeng/Downloads/cloud_gaming_android/TcrSdkDemo/SimpleDemo/app/build/intermediates/merged_res_blame_folder/debug/out/multi-v2/values-xlarge-v4.json","language":"JSON","Filename":"values-xlarge-v4.json","lines":19,"blank":0,"code":19,"comment":0,"efficientComment":0},{"filePath":"/Users/gaojunfeng/Downloads/cloud_gaming_android/TcrSdkDemo/SimpleDemo/app/build/intermediates/merged_res_blame_folder/debug/out/multi-v2/values-watch-v21.json","language":"JSON","Filename":"values-watch-v21.json","lines":20,"blank":0,"code":20,"comment":0,"efficientComment":0},{"filePath":"/Users/gaojunfeng/Downloads/cloud_gaming_android/TcrSdkDemo/SimpleDemo/app/build/intermediates/merged_res_blame_folder/debug/out/multi-v2/values-zh-rHK.json","language":"JSON","Filename":"values-zh-rHK.json","lines":62,"blank":0,"code":62,"comment":0,"efficientComment":0},{"filePath":"/Users/gaojunfeng/Downloads/cloud_gaming_android/TcrSdkDemo/SimpleDemo/app/build/intermediates/merged_res_blame_folder/debug/out/multi-v2/values-zh-rTW.json","language":"JSON","Filename":"values-zh-rTW.json","lines":62,"blank":0,"code":62,"comment":0,"efficientComment":0},{"filePath":"/Users/gaojunfeng/Downloads/cloud_gaming_android/TcrSdkDemo/SimpleDemo/.idea/project_settings.xml","language":"XML","Filename":"project_settings.xml","lines":4,"blank":0,"code":4,"comment":0,"efficientComment":0}],"languages":";Properties File;Gradle;YAML;gitignore;Batch;Shell;Prolog;XML;Plain Text;Markdown;Java;JSON","tool_name":"scc"}
