{"toolName":"SCC","toolImageType":"","projName":"SimpleDemo","projectId":"SimpleDemo","scanPath":"/Users/gaojunfeng/Downloads/cloud_gaming_android/TcrSdkDemo/SimpleDemo","language":0,"whitePathList":[],"toolOptions":[],"buildScript":"","scanType":"full","skipPaths":["/Users/gaojunfeng/Downloads/cloud_gaming_android/TcrSdkDemo/SimpleDemo/.gradle","/Users/gaojunfeng/Downloads/cloud_gaming_android/TcrSdkDemo/SimpleDemo/.codecc"],"incrementalFiles":[],"openCheckers":null,"repos":[],"params":"","dockerTriggerShell":"/bin/bash##-c##\"cd /usr/codecc/tool_scan && /usr/codecc/tool_scan/tool/scan --input={input.json} --output={output.json}\"","dockerImageUrl":"mirrors.tencent.com/codecc/codecc-auto-tools-prod-scc-codecc-plugin","dockerImageVersion":"v-1667880730366","dockerImageHash":"sha256:154174d81ce70d0d4e12d5137263c81787e6b8310f5219ed1ba0fc83cbd24c2e","dockerContainerId":"ba84569756efe26aa571a9b02b51f747b9a6550ee7bde43da9d19ddd20999eef","commentTurnOn":"false"}