{"toolName":"SCC","toolImageType":"","projName":"SimpleDemo","projectId":"SimpleDemo","scanPath":"/Users/gaojunfeng/Downloads/cloud_gaming_android/TcrSdkDemo/SimpleDemo","language":0,"whitePathList":[],"toolOptions":[],"buildScript":"","scanType":"full","skipPaths":["/Users/gaojunfeng/Downloads/cloud_gaming_android/TcrSdkDemo/SimpleDemo/.gradle","/Users/gaojunfeng/Downloads/cloud_gaming_android/TcrSdkDemo/SimpleDemo/.codecc"],"incrementalFiles":[],"openCheckers":null,"repos":[],"params":"","dockerTriggerShell":"/bin/bash##-c##\"cd /usr/codecc/tool_scan && /usr/codecc/tool_scan/tool/scan --input={input.json} --output={output.json}\"","dockerImageUrl":"mirrors.tencent.com/codecc/codecc-auto-tools-prod-scc-codecc-plugin","dockerImageVersion":"v-1676973953575","dockerImageHash":"sha256:649a807897235a7a211afe2557a4374f3197a7d457326c5a203360503747c96e","dockerContainerId":"5a258441b5b547927e88ffce32adc3f9112dd08cff9ff5871032b813e21e38a3","commentTurnOn":"false"}