{"defects":[{"filePath":"/Users/gaojunfeng/Downloads/cloud_gaming_android/TcrSdkDemo/SimpleDemo/build.yml","language":"YAML","Filename":"build.yml","lines":28,"blank":1,"code":22,"comment":5,"efficientComment":0},{"filePath":"/Users/gaojunfeng/Downloads/cloud_gaming_android/TcrSdkDemo/SimpleDemo/gradle.properties","language":"Properties File","Filename":"gradle.properties","lines":19,"blank":0,"code":3,"comment":16,"efficientComment":0},{"filePath":"/Users/gaojunfeng/Downloads/cloud_gaming_android/TcrSdkDemo/SimpleDemo/.gitignore","language":"gitignore","Filename":".gitignore","lines":9,"blank":0,"code":9,"comment":0,"efficientComment":0},{"filePath":"/Users/gaojunfeng/Downloads/cloud_gaming_android/TcrSdkDemo/SimpleDemo/build.gradle","language":"Gradle","Filename":"build.gradle","lines":9,"blank":1,"code":7,"comment":1,"efficientComment":0},{"filePath":"/Users/gaojunfeng/Downloads/cloud_gaming_android/TcrSdkDemo/SimpleDemo/gradlew","language":"Shell","Filename":"gradlew","lines":185,"blank":23,"code":125,"comment":37,"efficientComment":0},{"filePath":"/Users/gaojunfeng/Downloads/cloud_gaming_android/TcrSdkDemo/SimpleDemo/gradlew.bat","language":"Batch","Filename":"gradlew.bat","lines":89,"blank":21,"code":68,"comment":0,"efficientComment":0},{"filePath":"/Users/gaojunfeng/Downloads/cloud_gaming_android/TcrSdkDemo/SimpleDemo/local.properties","language":"Properties File","Filename":"local.properties","lines":8,"blank":0,"code":1,"comment":7,"efficientComment":0},{"filePath":"/Users/gaojunfeng/Downloads/cloud_gaming_android/TcrSdkDemo/SimpleDemo/settings.gradle","language":"Gradle","Filename":"settings.gradle","lines":18,"blank":0,"code":18,"comment":0,"efficientComment":0},{"filePath":"/Users/gaojunfeng/Downloads/cloud_gaming_android/TcrSdkDemo/SimpleDemo/gradle/wrapper/gradle-wrapper.properties","language":"Properties File","Filename":"gradle-wrapper.properties","lines":6,"blank":0,"code":5,"comment":1,"efficientComment":0},{"filePath":"/Users/gaojunfeng/Downloads/cloud_gaming_android/TcrSdkDemo/SimpleDemo/app/build.gradle","language":"Gradle","Filename":"build.gradle","lines":36,"blank":4,"code":31,"comment":1,"efficientComment":0},{"filePath":"/Users/gaojunfeng/Downloads/cloud_gaming_android/TcrSdkDemo/SimpleDemo/app/.gitignore","language":"gitignore","Filename":".gitignore","lines":1,"blank":0,"code":1,"comment":0,"efficientComment":0},{"filePath":"/Users/gaojunfeng/Downloads/cloud_gaming_android/TcrSdkDemo/SimpleDemo/app/proguard-rules.pro","language":"Prolog","Filename":"proguard-rules.pro","lines":21,"blank":3,"code":18,"comment":0,"efficientComment":0},{"filePath":"/Users/gaojunfeng/Downloads/cloud_gaming_android/TcrSdkDemo/SimpleDemo/app/src/main/AndroidManifest.xml","language":"XML","Filename":"AndroidManifest.xml","lines":26,"blank":2,"code":24,"comment":0,"efficientComment":0},{"filePath":"/Users/gaojunfeng/Downloads/cloud_gaming_android/TcrSdkDemo/SimpleDemo/.idea/gradle.xml","language":"XML","Filename":"gradle.xml","lines":20,"blank":0,"code":20,"comment":0,"efficientComment":0},{"filePath":"/Users/gaojunfeng/Downloads/cloud_gaming_android/TcrSdkDemo/SimpleDemo/.idea/tencent_checks.xml","language":"XML","Filename":"tencent_checks.xml","lines":412,"blank":10,"code":312,"comment":90,"efficientComment":0},{"filePath":"/Users/gaojunfeng/Downloads/cloud_gaming_android/TcrSdkDemo/SimpleDemo/.idea/workspace.xml","language":"XML","Filename":"workspace.xml","lines":217,"blank":0,"code":217,"comment":0,"efficientComment":0},{"filePath":"/Users/gaojunfeng/Downloads/cloud_gaming_android/TcrSdkDemo/SimpleDemo/.idea/saveactions_settings.xml","language":"XML","Filename":"saveactions_settings.xml","lines":21,"blank":0,"code":21,"comment":0,"efficientComment":0},{"filePath":"/Users/gaojunfeng/Downloads/cloud_gaming_android/TcrSdkDemo/SimpleDemo/.idea/misc.xml","language":"XML","Filename":"misc.xml","lines":13,"blank":0,"code":13,"comment":0,"efficientComment":0},{"filePath":"/Users/gaojunfeng/Downloads/cloud_gaming_android/TcrSdkDemo/SimpleDemo/.idea/compiler.xml","language":"XML","Filename":"compiler.xml","lines":6,"blank":0,"code":6,"comment":0,"efficientComment":0},{"filePath":"/Users/gaojunfeng/Downloads/cloud_gaming_android/TcrSdkDemo/SimpleDemo/.idea/checkstyle-idea.xml","language":"XML","Filename":"checkstyle-idea.xml","lines":26,"blank":0,"code":26,"comment":0,"efficientComment":0},{"filePath":"/Users/gaojunfeng/Downloads/cloud_gaming_android/TcrSdkDemo/SimpleDemo/.idea/.gitignore","language":"gitignore","Filename":".gitignore","lines":7,"blank":0,"code":6,"comment":1,"efficientComment":0},{"filePath":"/Users/gaojunfeng/Downloads/cloud_gaming_android/TcrSdkDemo/SimpleDemo/.idea/vcs.xml","language":"XML","Filename":"vcs.xml","lines":6,"blank":0,"code":6,"comment":0,"efficientComment":0},{"filePath":"/Users/gaojunfeng/Downloads/cloud_gaming_android/TcrSdkDemo/SimpleDemo/.idea/shelf/Uncommitted_changes_before_Checkout_at_2022_12_22__20_46__Changes_.xml","language":"XML","Filename":"Uncommitted_changes_before_Checkout_at_2022_12_22__20_46__Changes_.xml","lines":4,"blank":0,"code":4,"comment":0,"efficientComment":0},{"filePath":"/Users/gaojunfeng/Downloads/cloud_gaming_android/TcrSdkDemo/SimpleDemo/.idea/codeStyles/codeStyleConfig.xml","language":"XML","Filename":"codeStyleConfig.xml","lines":5,"blank":0,"code":5,"comment":0,"efficientComment":0},{"filePath":"/Users/gaojunfeng/Downloads/cloud_gaming_android/TcrSdkDemo/SimpleDemo/.idea/codeStyles/README.md","language":"Markdown","Filename":"README.md","lines":6,"blank":3,"code":3,"comment":0,"efficientComment":0},{"filePath":"/Users/gaojunfeng/Downloads/cloud_gaming_android/TcrSdkDemo/SimpleDemo/.idea/codeStyles/Project.xml","language":"XML","Filename":"Project.xml","lines":220,"blank":0,"code":220,"comment":0,"efficientComment":0},{"filePath":"/Users/gaojunfeng/Downloads/cloud_gaming_android/TcrSdkDemo/SimpleDemo/app/src/main/java/com/tencent/simpledemo/App.java","language":"Java","Filename":"App.java","lines":35,"blank":7,"code":23,"comment":5,"efficientComment":0},{"filePath":"/Users/gaojunfeng/Downloads/cloud_gaming_android/TcrSdkDemo/SimpleDemo/app/src/main/java/com/tencent/simpledemo/CloudRenderBiz.java","language":"Java","Filename":"CloudRenderBiz.java","lines":169,"blank":21,"code":93,"comment":55,"efficientComment":0},{"filePath":"/Users/gaojunfeng/Downloads/cloud_gaming_android/TcrSdkDemo/SimpleDemo/app/src/main/java/com/tencent/simpledemo/MainActivity.java","language":"Java","Filename":"MainActivity.java","lines":266,"blank":18,"code":142,"comment":106,"efficientComment":0},{"filePath":"/Users/gaojunfeng/Downloads/cloud_gaming_android/TcrSdkDemo/SimpleDemo/app/src/main/res/values-night/themes.xml","language":"XML","Filename":"themes.xml","lines":16,"blank":0,"code":11,"comment":5,"efficientComment":0},{"filePath":"/Users/gaojunfeng/Downloads/cloud_gaming_android/TcrSdkDemo/SimpleDemo/app/src/main/res/values/themes.xml","language":"XML","Filename":"themes.xml","lines":16,"blank":0,"code":11,"comment":5,"efficientComment":0},{"filePath":"/Users/gaojunfeng/Downloads/cloud_gaming_android/TcrSdkDemo/SimpleDemo/app/src/main/res/values/colors.xml","language":"XML","Filename":"colors.xml","lines":10,"blank":0,"code":10,"comment":0,"efficientComment":0},{"filePath":"/Users/gaojunfeng/Downloads/cloud_gaming_android/TcrSdkDemo/SimpleDemo/app/src/main/res/values/strings.xml","language":"XML","Filename":"strings.xml","lines":3,"blank":0,"code":3,"comment":0,"efficientComment":0},{"filePath":"/Users/gaojunfeng/Downloads/cloud_gaming_android/TcrSdkDemo/SimpleDemo/app/src/main/res/layout/activity_main.xml","language":"XML","Filename":"activity_main.xml","lines":26,"blank":1,"code":25,"comment":0,"efficientComment":0},{"filePath":"/Users/gaojunfeng/Downloads/cloud_gaming_android/TcrSdkDemo/SimpleDemo/app/src/main/res/mipmap-anydpi-v26/ic_launcher.xml","language":"XML","Filename":"ic_launcher.xml","lines":5,"blank":0,"code":5,"comment":0,"efficientComment":0},{"filePath":"/Users/gaojunfeng/Downloads/cloud_gaming_android/TcrSdkDemo/SimpleDemo/app/src/main/res/mipmap-anydpi-v26/ic_launcher_round.xml","language":"XML","Filename":"ic_launcher_round.xml","lines":5,"blank":0,"code":5,"comment":0,"efficientComment":0},{"filePath":"/Users/gaojunfeng/Downloads/cloud_gaming_android/TcrSdkDemo/SimpleDemo/app/src/main/res/drawable/ic_launcher_background.xml","language":"XML","Filename":"ic_launcher_background.xml","lines":170,"blank":0,"code":170,"comment":0,"efficientComment":0},{"filePath":"/Users/gaojunfeng/Downloads/cloud_gaming_android/TcrSdkDemo/SimpleDemo/app/src/main/res/drawable-v24/ic_launcher_foreground.xml","language":"XML","Filename":"ic_launcher_foreground.xml","lines":30,"blank":0,"code":30,"comment":0,"efficientComment":0},{"filePath":"/Users/gaojunfeng/Downloads/cloud_gaming_android/TcrSdkDemo/SimpleDemo/app/src/main/java/com/tencent/simpledemo/data/Response.java","language":"Java","Filename":"Response.java","lines":19,"blank":6,"code":10,"comment":3,"efficientComment":0},{"filePath":"/Users/gaojunfeng/Downloads/cloud_gaming_android/TcrSdkDemo/SimpleDemo/app/src/main/java/com/tencent/simpledemo/data/Request.java","language":"Java","Filename":"Request.java","lines":67,"blank":7,"code":46,"comment":14,"efficientComment":0},{"filePath":"/Users/gaojunfeng/Downloads/cloud_gaming_android/TcrSdkDemo/SimpleDemo/app/src/main/java/com/tencent/simpledemo/data/StartGameRequest.java","language":"Java","Filename":"StartGameRequest.java","lines":27,"blank":7,"code":16,"comment":4,"efficientComment":0},{"filePath":"/Users/gaojunfeng/Downloads/cloud_gaming_android/TcrSdkDemo/SimpleDemo/app/src/main/java/com/tencent/simpledemo/data/SessionDescribe.java","language":"Java","Filename":"SessionDescribe.java","lines":9,"blank":3,"code":6,"comment":0,"efficientComment":0},{"filePath":"/Users/gaojunfeng/Downloads/cloud_gaming_android/TcrSdkDemo/SimpleDemo/app/src/main/java/com/tencent/simpledemo/data/StopProjectRequest.java","language":"Java","Filename":"StopProjectRequest.java","lines":22,"blank":5,"code":13,"comment":4,"efficientComment":0},{"filePath":"/Users/gaojunfeng/Downloads/cloud_gaming_android/TcrSdkDemo/SimpleDemo/app/src/main/java/com/tencent/simpledemo/data/StartProjectRequest.java","language":"Java","Filename":"StartProjectRequest.java","lines":26,"blank":6,"code":16,"comment":4,"efficientComment":0},{"filePath":"/Users/gaojunfeng/Downloads/cloud_gaming_android/TcrSdkDemo/SimpleDemo/app/src/main/java/com/tencent/simpledemo/data/StatsEvent.java","language":"Java","Filename":"StatsEvent.java","lines":59,"blank":10,"code":31,"comment":18,"efficientComment":0},{"filePath":"/Users/gaojunfeng/Downloads/cloud_gaming_android/TcrSdkDemo/SimpleDemo/app/src/main/java/com/tencent/simpledemo/data/StopGameRequest.java","language":"Java","Filename":"StopGameRequest.java","lines":22,"blank":5,"code":13,"comment":4,"efficientComment":0},{"filePath":"/Users/gaojunfeng/Downloads/cloud_gaming_android/TcrSdkDemo/SimpleDemo/app/src/main/java/com/tencent/simpledemo/data/StartProjectResponse.java","language":"Java","Filename":"StartProjectResponse.java","lines":13,"blank":4,"code":6,"comment":3,"efficientComment":0},{"filePath":"/Users/gaojunfeng/Downloads/cloud_gaming_android/TcrSdkDemo/SimpleDemo/app/src/main/java/com/tencent/simpledemo/data/StartGameResponse.java","language":"Java","Filename":"StartGameResponse.java","lines":12,"blank":3,"code":6,"comment":3,"efficientComment":0},{"filePath":"/Users/gaojunfeng/Downloads/cloud_gaming_android/TcrSdkDemo/SimpleDemo/.idea/project_settings.xml","language":"XML","Filename":"project_settings.xml","lines":4,"blank":0,"code":4,"comment":0,"efficientComment":0}],"languages":";YAML;Properties File;gitignore;Gradle;Shell;Batch;Prolog;XML;Markdown;Java","tool_name":"scc"}
