{"toolName":"SENSITIVE","toolImageType":"","projName":"SimpleDemo","projectId":"SimpleDemo","scanPath":"/Users/gaojunfeng/Downloads/cloud_gaming_android/TcrSdkDemo/SimpleDemo","language":0,"whitePathList":[],"toolOptions":[],"buildScript":"","scanType":"full","skipPaths":[],"incrementalFiles":[],"openCheckers":[],"repos":[{"url":"git@git.woa.com:cloud_video_product_private/cloud_gaming_android.git","scmType":"git"}],"params":"","dockerTriggerShell":"/bin/bash##-c##\"cd /usr/codecc/tool_scan; python3 ./sdk/src/scan.py --input={input.json} --output={output.json}\"","dockerImageUrl":"mirrors.tencent.com/codecc/codecc-auto-tools-prod-sensitive-codecc-plugin","dockerImageVersion":"v-1677578225220","dockerImageHash":"sha256:86f8d063ccf16de158eea60f49481285f2c61b511db34b11491d37f032940e03","dockerContainerId":"b26e26391a54fb99e9367b49812f787cb08183cab0c4f8156aa8b38241496028","commentTurnOn":""}