{"toolName":"SENSITIVE","toolImageType":"","projName":"SimpleDemo","projectId":"SimpleDemo","scanPath":"/Users/gaojunfeng/Downloads/cloud_gaming_android/TcrSdkDemo/SimpleDemo","language":0,"whitePathList":[],"toolOptions":[],"buildScript":"","scanType":"full","skipPaths":[],"incrementalFiles":[],"openCheckers":[],"repos":[{"url":"git@git.woa.com:cloud_video_product_private/cloud_gaming_android.git","scmType":"git"}],"params":"","dockerTriggerShell":"/bin/bash##-c##\"cd /usr/codecc/tool_scan; python3 ./sdk/src/scan.py --input={input.json} --output={output.json}\"","dockerImageUrl":"mirrors.tencent.com/codecc/codecc-auto-tools-prod-sensitive-codecc-plugin","dockerImageVersion":"v-1666692995596","dockerImageHash":"sha256:c23284a91d7487c94d27ba9459e688bf09d16cf562d6cb883d12a61ec6928b16","dockerContainerId":"7879225835e8ae467b5f85b6c1058a3fc5d1a044ec8c03975c01a4ee550b5ff6","commentTurnOn":""}